source_role,target_role,similarity_score,transition_probability,shared_skills,cluster_affinity,centrality_score,evidence
Administrador de Servidores de Aplicaciones,Aprendiz en Desarrollo de Software,1.0,0.867,"[""APIs"", ""AWS"", ""Agile"", ""Azure"", ""BI"", ""MongoDB"", ""Oracle"", ""Python""]",Enterprise Analytics,0.6,"{""metric_period"": ""2026-05"", ""role_family"": ""AI Analytics"", ""roles"": [""Administrador de Servidores de Aplicaciones"", ""Aprendiz en Desarrollo de Software""]}"
Administrador de Servidores de Aplicaciones,Ejecutivo Comercial TI,1.0,0.867,"[""AI"", ""APIs"", ""AWS"", ""Agile"", ""Azure"", ""ELT"", ""KPIs"", ""Kanban""]",AI Analytics,0.59,"{""metric_period"": ""2026-05"", ""role_family"": ""AI Analytics"", ""roles"": [""Administrador de Servidores de Aplicaciones"", ""Ejecutivo Comercial TI""]}"
Administrador de Servidores de Aplicaciones,Indra Colombia LTDA,1.0,0.867,"[""AI"", ""APIs"", ""Agile"", ""Azure"", ""Copilot BI"", ""ELT"", ""Kanban"", ""LLM""]",AI Analytics,0.58,"{""metric_period"": ""2026-05"", ""role_family"": ""AI Analytics"", ""roles"": [""Administrador de Servidores de Aplicaciones"", ""Indra Colombia LTDA""]}"
Administrador de Servidores de Aplicaciones,Técnico de Soporte,1.0,0.867,"[""AWS"", ""BI"", ""ITIL"", ""Oracle"", ""Power BI"", ""compliance"", ""comunicacion"", ""reporting""]",Enterprise Analytics,0.58,"{""metric_period"": ""2026-05"", ""role_family"": ""AI Analytics"", ""roles"": [""Administrador de Servidores de Aplicaciones"", ""Técnico de Soporte""]}"
Administrador de Servidores de Aplicaciones,Administrador Linux,1.0,0.867,"[""AWS"", ""Azure"", ""BI"", ""ITIL"", ""KPIs"", ""compliance"", ""comunicacion"", ""data governance""]",Enterprise Analytics,0.58,"{""metric_period"": ""2026-05"", ""role_family"": ""AI Analytics"", ""roles"": [""Administrador de Servidores de Aplicaciones"", ""Administrador Linux""]}"
Administrador de Servidores de Aplicaciones,Desarrollador Backend .NET Senior (hibrido),1.0,0.867,"[""AI"", ""APIs"", ""AWS"", ""Agile"", ""Azure"", ""BI"", ""ELT"", ""KPIs""]",Enterprise Analytics,0.58,"{""metric_period"": ""2026-05"", ""role_family"": ""AI Analytics"", ""roles"": [""Administrador de Servidores de Aplicaciones"", ""Desarrollador Backend .NET Senior (hibrido)""]}"
Administrador de Servidores de Aplicaciones,CS3 SAS,1.0,0.867,"[""APIs"", ""Azure"", ""ETL"", ""MongoDB"", ""SQL"", ""SQL Server"", ""SSIS"", ""comunicacion""]",Enterprise Analytics,0.58,"{""metric_period"": ""2026-05"", ""role_family"": ""AI Analytics"", ""roles"": [""Administrador de Servidores de Aplicaciones"", ""CS3 SAS""]}"
Administrador de Servidores de Aplicaciones,Administrador de Aplicaciones (Oracle / WebLogic / Middleware),1.0,0.867,"[""APIs"", ""AWS"", ""Agile"", ""Azure"", ""Oracle"", ""Python"", ""SQL"", ""compliance""]",Enterprise Analytics,0.57,"{""metric_period"": ""2026-05"", ""role_family"": ""AI Analytics"", ""roles"": [""Administrador de Servidores de Aplicaciones"", ""Administrador de Aplicaciones (Oracle / WebLogic / Middleware)""]}"
Administrador de Servidores de Aplicaciones,Ingeniero Preventa - Administrador de Plataforma,1.0,0.867,"[""AWS"", ""Azure"", ""BI"", ""ITIL"", ""KPIs"", ""Power BI"", ""Python"", ""compliance""]",Enterprise Analytics,0.57,"{""metric_period"": ""2026-05"", ""role_family"": ""AI Analytics"", ""roles"": [""Administrador de Servidores de Aplicaciones"", ""Ingeniero Preventa - Administrador de Plataforma""]}"
Administrador de Servidores de Aplicaciones,Líder IA Generativa-GitHub Copilot-Bogotá,1.0,0.867,"[""AI"", ""APIs"", ""AWS"", ""Azure"", ""Copilot BI"", ""LLM"", ""Oracle"", ""PostgreSQL""]",AI Analytics,0.57,"{""metric_period"": ""2026-05"", ""role_family"": ""AI Analytics"", ""roles"": [""Administrador de Servidores de Aplicaciones"", ""Líder IA Generativa-GitHub Copilot-Bogotá""]}"
Administrador de Servidores de Aplicaciones,Ingeniero de Soporte Infraestructura Junior,1.0,0.867,"[""AWS"", ""Agile"", ""Azure"", ""BI"", ""ETL"", ""ITIL"", ""MongoDB"", ""Power BI""]",Enterprise Analytics,0.57,"{""metric_period"": ""2026-05"", ""role_family"": ""AI Analytics"", ""roles"": [""Administrador de Servidores de Aplicaciones"", ""Ingeniero de Soporte Infraestructura Junior""]}"
Administrador de Servidores de Aplicaciones,Analista Funcional de Procesos de Software,1.0,0.867,"[""AI"", ""APIs"", ""AWS"", ""Agile"", ""Azure"", ""ELT"", ""Kanban"", ""MLflow""]",AI Analytics,0.57,"{""metric_period"": ""2026-05"", ""role_family"": ""AI Analytics"", ""roles"": [""Administrador de Servidores de Aplicaciones"", ""Analista Funcional de Procesos de Software""]}"
Administrador de Servidores de Aplicaciones,Especialista IA,1.0,0.867,"[""AI"", ""APIs"", ""AWS"", ""Agile"", ""Azure"", ""ELT"", ""KPIs"", ""Kanban""]",Enterprise Analytics,0.57,"{""metric_period"": ""2026-05"", ""role_family"": ""AI Analytics"", ""roles"": [""Administrador de Servidores de Aplicaciones"", ""Especialista IA""]}"
Administrador de Servidores de Aplicaciones,Administrador de Bases de Datos (DBA),1.0,0.867,"[""APIs"", ""AWS"", ""Azure"", ""ETL"", ""ITIL"", ""MongoDB"", ""Oracle"", ""PostgreSQL""]",Enterprise Analytics,0.57,"{""metric_period"": ""2026-05"", ""role_family"": ""AI Analytics"", ""roles"": [""Administrador de Servidores de Aplicaciones"", ""Administrador de Bases de Datos (DBA)""]}"
Administrador de Servidores de Aplicaciones,Venta Equipos SAS,1.0,0.867,"[""ITIL"", ""compliance"", ""comunicacion"", ""resolucion de problemas"", ""trabajo en equipo""]",Enterprise Analytics,0.57,"{""metric_period"": ""2026-05"", ""role_family"": ""AI Analytics"", ""roles"": [""Administrador de Servidores de Aplicaciones"", ""Venta Equipos SAS""]}"
Administrador de Servidores de Aplicaciones,Confidencial2,1.0,0.867,"[""Azure"", ""KPIs"", ""compliance"", ""comunicacion"", ""reporting"", ""security""]",Enterprise Analytics,0.37,"{""metric_period"": ""2026-05"", ""role_family"": ""AI Analytics"", ""roles"": [""Administrador de Servidores de Aplicaciones"", ""Confidencial2""]}"
Aprendiz en Desarrollo de Software,Ejecutivo Comercial TI,1.0,0.853,"[""APIs"", ""AWS"", ""Agile"", ""Azure"", ""Python"", ""compliance"", ""comunicacion"", ""gestion de stakeholders""]",Enterprise Analytics,0.57,"{""metric_period"": ""2026-05"", ""role_family"": ""Governance & Quality"", ""roles"": [""Aprendiz en Desarrollo de Software"", ""Ejecutivo Comercial TI""]}"
Aprendiz en Desarrollo de Software,Técnico de Soporte,1.0,0.853,"[""AWS"", ""BI"", ""Oracle"", ""compliance"", ""comunicacion"", ""reporting"", ""security""]",Enterprise Analytics,0.56,"{""metric_period"": ""2026-05"", ""role_family"": ""Governance & Quality"", ""roles"": [""Aprendiz en Desarrollo de Software"", ""Técnico de Soporte""]}"
Aprendiz en Desarrollo de Software,Administrador Linux,1.0,0.853,"[""AWS"", ""Azure"", ""BI"", ""compliance"", ""comunicacion"", ""data governance"", ""reporting"", ""security""]",Governance & Quality,0.56,"{""metric_period"": ""2026-05"", ""role_family"": ""Governance & Quality"", ""roles"": [""Aprendiz en Desarrollo de Software"", ""Administrador Linux""]}"
Aprendiz en Desarrollo de Software,Desarrollador Backend .NET Senior (hibrido),1.0,0.853,"[""APIs"", ""AWS"", ""Agile"", ""Azure"", ""BI"", ""GCP"", ""Oracle"", ""Python""]",Governance & Quality,0.56,"{""metric_period"": ""2026-05"", ""role_family"": ""Governance & Quality"", ""roles"": [""Aprendiz en Desarrollo de Software"", ""Desarrollador Backend .NET Senior (hibrido)""]}"
Aprendiz en Desarrollo de Software,CS3 SAS,1.0,0.853,"[""APIs"", ""Azure"", ""MongoDB"", ""comunicacion"", ""reporting"", ""security""]",Enterprise Analytics,0.56,"{""metric_period"": ""2026-05"", ""role_family"": ""Governance & Quality"", ""roles"": [""Aprendiz en Desarrollo de Software"", ""CS3 SAS""]}"
Aprendiz en Desarrollo de Software,Administrador de Aplicaciones (Oracle / WebLogic / Middleware),1.0,0.853,"[""APIs"", ""AWS"", ""Agile"", ""Azure"", ""GCP"", ""Oracle"", ""Python"", ""compliance""]",Enterprise Analytics,0.55,"{""metric_period"": ""2026-05"", ""role_family"": ""Governance & Quality"", ""roles"": [""Aprendiz en Desarrollo de Software"", ""Administrador de Aplicaciones (Oracle / WebLogic / Middleware)""]}"
Aprendiz en Desarrollo de Software,Ingeniero Preventa - Administrador de Plataforma,1.0,0.853,"[""AWS"", ""Azure"", ""BI"", ""Python"", ""compliance"", ""comunicacion"", ""gestion de stakeholders"", ""liderazgo""]",Enterprise Analytics,0.55,"{""metric_period"": ""2026-05"", ""role_family"": ""Governance & Quality"", ""roles"": [""Aprendiz en Desarrollo de Software"", ""Ingeniero Preventa - Administrador de Plataforma""]}"
Aprendiz en Desarrollo de Software,Ingeniero de Soporte Infraestructura Junior,1.0,0.853,"[""AWS"", ""Agile"", ""Azure"", ""BI"", ""GCP"", ""MongoDB"", ""Python"", ""compliance""]",Enterprise Analytics,0.55,"{""metric_period"": ""2026-05"", ""role_family"": ""Governance & Quality"", ""roles"": [""Aprendiz en Desarrollo de Software"", ""Ingeniero de Soporte Infraestructura Junior""]}"
Aprendiz en Desarrollo de Software,Analista Funcional de Procesos de Software,1.0,0.853,"[""APIs"", ""AWS"", ""Agile"", ""Azure"", ""Oracle"", ""Python"", ""comunicacion"", ""gestion de stakeholders""]",Enterprise Analytics,0.55,"{""metric_period"": ""2026-05"", ""role_family"": ""Governance & Quality"", ""roles"": [""Aprendiz en Desarrollo de Software"", ""Analista Funcional de Procesos de Software""]}"
Aprendiz en Desarrollo de Software,Especialista IA,1.0,0.853,"[""APIs"", ""AWS"", ""Agile"", ""Azure"", ""GCP"", ""Python"", ""compliance"", ""comunicacion""]",Enterprise Analytics,0.55,"{""metric_period"": ""2026-05"", ""role_family"": ""Governance & Quality"", ""roles"": [""Aprendiz en Desarrollo de Software"", ""Especialista IA""]}"
Aprendiz en Desarrollo de Software,Administrador de Bases de Datos (DBA),1.0,0.853,"[""APIs"", ""AWS"", ""Azure"", ""MongoDB"", ""Oracle"", ""compliance"", ""comunicacion"", ""security""]",Enterprise Analytics,0.55,"{""metric_period"": ""2026-05"", ""role_family"": ""Governance & Quality"", ""roles"": [""Aprendiz en Desarrollo de Software"", ""Administrador de Bases de Datos (DBA)""]}"
Aprendiz en Desarrollo de Software,Confidencial2,1.0,0.853,"[""Azure"", ""compliance"", ""comunicacion"", ""reporting"", ""security""]",Governance & Quality,0.35,"{""metric_period"": ""2026-05"", ""role_family"": ""Governance & Quality"", ""roles"": [""Aprendiz en Desarrollo de Software"", ""Confidencial2""]}"
Ejecutivo Comercial TI,Indra Colombia LTDA,1.0,0.846,"[""AI"", ""APIs"", ""Agile"", ""Azure"", ""ELT"", ""Kanban"", ""MLflow"", ""Python""]",AI Analytics,0.55,"{""metric_period"": ""2026-05"", ""role_family"": ""AI Analytics"", ""roles"": [""Ejecutivo Comercial TI"", ""Indra Colombia LTDA""]}"
Ejecutivo Comercial TI,Técnico de Soporte,1.0,0.846,"[""AWS"", ""compliance"", ""comunicacion"", ""reporting"", ""security""]",Enterprise Analytics,0.55,"{""metric_period"": ""2026-05"", ""role_family"": ""AI Analytics"", ""roles"": [""Ejecutivo Comercial TI"", ""Técnico de Soporte""]}"
Ejecutivo Comercial TI,Administrador Linux,1.0,0.846,"[""AWS"", ""Azure"", ""KPIs"", ""compliance"", ""comunicacion"", ""reporting"", ""security""]",Enterprise Analytics,0.55,"{""metric_period"": ""2026-05"", ""role_family"": ""AI Analytics"", ""roles"": [""Ejecutivo Comercial TI"", ""Administrador Linux""]}"
Ejecutivo Comercial TI,Desarrollador Backend .NET Senior (hibrido),1.0,0.846,"[""AI"", ""APIs"", ""AWS"", ""Agile"", ""Azure"", ""ELT"", ""KPIs"", ""Kanban""]",Enterprise Analytics,0.55,"{""metric_period"": ""2026-05"", ""role_family"": ""AI Analytics"", ""roles"": [""Ejecutivo Comercial TI"", ""Desarrollador Backend .NET Senior (hibrido)""]}"
Ejecutivo Comercial TI,CS3 SAS,1.0,0.846,"[""APIs"", ""Azure"", ""comunicacion"", ""reporting"", ""security""]",Enterprise Analytics,0.55,"{""metric_period"": ""2026-05"", ""role_family"": ""AI Analytics"", ""roles"": [""Ejecutivo Comercial TI"", ""CS3 SAS""]}"
Ejecutivo Comercial TI,Administrador de Aplicaciones (Oracle / WebLogic / Middleware),1.0,0.846,"[""APIs"", ""AWS"", ""Agile"", ""Azure"", ""Python"", ""compliance"", ""comunicacion"", ""gestion de stakeholders""]",Enterprise Analytics,0.54,"{""metric_period"": ""2026-05"", ""role_family"": ""AI Analytics"", ""roles"": [""Ejecutivo Comercial TI"", ""Administrador de Aplicaciones (Oracle / WebLogic / Middleware)""]}"
Ejecutivo Comercial TI,Ingeniero Preventa - Administrador de Plataforma,1.0,0.846,"[""AWS"", ""Azure"", ""KPIs"", ""Python"", ""compliance"", ""comunicacion"", ""gestion de stakeholders"", ""liderazgo""]",Enterprise Analytics,0.54,"{""metric_period"": ""2026-05"", ""role_family"": ""AI Analytics"", ""roles"": [""Ejecutivo Comercial TI"", ""Ingeniero Preventa - Administrador de Plataforma""]}"
Ejecutivo Comercial TI,Líder IA Generativa-GitHub Copilot-Bogotá,1.0,0.846,"[""AI"", ""APIs"", ""AWS"", ""Azure"", ""comunicacion"", ""security""]",AI Analytics,0.54,"{""metric_period"": ""2026-05"", ""role_family"": ""AI Analytics"", ""roles"": [""Ejecutivo Comercial TI"", ""Líder IA Generativa-GitHub Copilot-Bogotá""]}"
Ejecutivo Comercial TI,Ingeniero de Soporte Infraestructura Junior,1.0,0.846,"[""AWS"", ""Agile"", ""Azure"", ""Python"", ""compliance"", ""comunicacion"", ""reporting"", ""security""]",Enterprise Analytics,0.54,"{""metric_period"": ""2026-05"", ""role_family"": ""AI Analytics"", ""roles"": [""Ejecutivo Comercial TI"", ""Ingeniero de Soporte Infraestructura Junior""]}"
Ejecutivo Comercial TI,Analista Funcional de Procesos de Software,1.0,0.846,"[""AI"", ""APIs"", ""AWS"", ""Agile"", ""Azure"", ""ELT"", ""Kanban"", ""MLflow""]",AI Analytics,0.54,"{""metric_period"": ""2026-05"", ""role_family"": ""AI Analytics"", ""roles"": [""Ejecutivo Comercial TI"", ""Analista Funcional de Procesos de Software""]}"
Ejecutivo Comercial TI,Especialista IA,1.0,0.846,"[""AI"", ""APIs"", ""AWS"", ""Agile"", ""Azure"", ""ELT"", ""KPIs"", ""Kanban""]",Enterprise Analytics,0.54,"{""metric_period"": ""2026-05"", ""role_family"": ""AI Analytics"", ""roles"": [""Ejecutivo Comercial TI"", ""Especialista IA""]}"
Ejecutivo Comercial TI,Confidencial2,1.0,0.846,"[""Azure"", ""KPIs"", ""compliance"", ""comunicacion"", ""reporting"", ""security""]",Enterprise Analytics,0.34,"{""metric_period"": ""2026-05"", ""role_family"": ""AI Analytics"", ""roles"": [""Ejecutivo Comercial TI"", ""Confidencial2""]}"
Indra Colombia LTDA,Desarrollador Backend .NET Senior (hibrido),1.0,0.839,"[""AI"", ""APIs"", ""Agile"", ""Azure"", ""ELT"", ""Kanban"", ""MLflow"", ""Python""]",Enterprise Analytics,0.54,"{""metric_period"": ""2026-05"", ""role_family"": ""AI Analytics"", ""roles"": [""Indra Colombia LTDA"", ""Desarrollador Backend .NET Senior (hibrido)""]}"
Técnico de Soporte,Administrador Linux,1.0,0.839,"[""AWS"", ""BI"", ""ITIL"", ""compliance"", ""comunicacion"", ""reporting"", ""resolucion de problemas"", ""security""]",Enterprise Analytics,0.54,"{""metric_period"": ""2026-05"", ""role_family"": ""BI & Visualization"", ""roles"": [""Técnico de Soporte"", ""Administrador Linux""]}"
Técnico de Soporte,Desarrollador Backend .NET Senior (hibrido),1.0,0.839,"[""AWS"", ""BI"", ""Oracle"", ""compliance"", ""comunicacion"", ""reporting"", ""security"", ""trabajo en equipo""]",Enterprise Analytics,0.54,"{""metric_period"": ""2026-05"", ""role_family"": ""BI & Visualization"", ""roles"": [""Técnico de Soporte"", ""Desarrollador Backend .NET Senior (hibrido)""]}"
Técnico de Soporte,CS3 SAS,1.0,0.839,"[""comunicacion"", ""reporting"", ""resolucion de problemas"", ""security"", ""trabajo en equipo""]",Enterprise Analytics,0.54,"{""metric_period"": ""2026-05"", ""role_family"": ""BI & Visualization"", ""roles"": [""Técnico de Soporte"", ""CS3 SAS""]}"
Administrador Linux,Desarrollador Backend .NET Senior (hibrido),1.0,0.839,"[""AWS"", ""Azure"", ""BI"", ""KPIs"", ""compliance"", ""comunicacion"", ""data governance"", ""reporting""]",Governance & Quality,0.54,"{""metric_period"": ""2026-05"", ""role_family"": ""Governance & Quality"", ""roles"": [""Administrador Linux"", ""Desarrollador Backend .NET Senior (hibrido)""]}"
Administrador Linux,CS3 SAS,1.0,0.839,"[""Azure"", ""comunicacion"", ""reporting"", ""resolucion de problemas"", ""security"", ""trabajo en equipo""]",Enterprise Analytics,0.54,"{""metric_period"": ""2026-05"", ""role_family"": ""Governance & Quality"", ""roles"": [""Administrador Linux"", ""CS3 SAS""]}"
Desarrollador Backend .NET Senior (hibrido),CS3 SAS,1.0,0.839,"[""APIs"", ""Azure"", ""comunicacion"", ""reporting"", ""security"", ""trabajo en equipo""]",Enterprise Analytics,0.54,"{""metric_period"": ""2026-05"", ""role_family"": ""Governance & Quality"", ""roles"": [""Desarrollador Backend .NET Senior (hibrido)"", ""CS3 SAS""]}"
Indra Colombia LTDA,Líder IA Generativa-GitHub Copilot-Bogotá,1.0,0.839,"[""AI"", ""APIs"", ""Azure"", ""Copilot BI"", ""LLM"", ""RAG""]",AI Analytics,0.53,"{""metric_period"": ""2026-05"", ""role_family"": ""AI Analytics"", ""roles"": [""Indra Colombia LTDA"", ""Líder IA Generativa-GitHub Copilot-Bogotá""]}"
Indra Colombia LTDA,Analista Funcional de Procesos de Software,1.0,0.839,"[""AI"", ""APIs"", ""Agile"", ""Azure"", ""ELT"", ""Kanban"", ""MLflow"", ""Python""]",AI Analytics,0.53,"{""metric_period"": ""2026-05"", ""role_family"": ""AI Analytics"", ""roles"": [""Indra Colombia LTDA"", ""Analista Funcional de Procesos de Software""]}"
Indra Colombia LTDA,Especialista IA,1.0,0.839,"[""AI"", ""APIs"", ""Agile"", ""Azure"", ""ELT"", ""Kanban"", ""MLflow"", ""Python""]",Enterprise Analytics,0.53,"{""metric_period"": ""2026-05"", ""role_family"": ""AI Analytics"", ""roles"": [""Indra Colombia LTDA"", ""Especialista IA""]}"
Técnico de Soporte,Administrador de Aplicaciones (Oracle / WebLogic / Middleware),1.0,0.839,"[""AWS"", ""Oracle"", ""compliance"", ""comunicacion"", ""security""]",Enterprise Analytics,0.53,"{""metric_period"": ""2026-05"", ""role_family"": ""BI & Visualization"", ""roles"": [""Técnico de Soporte"", ""Administrador de Aplicaciones (Oracle / WebLogic / Middleware)""]}"
Técnico de Soporte,Ingeniero Preventa - Administrador de Plataforma,1.0,0.839,"[""AWS"", ""BI"", ""ITIL"", ""Power BI"", ""compliance"", ""comunicacion"", ""reporting"", ""resolucion de problemas""]",BI & Visualization,0.53,"{""metric_period"": ""2026-05"", ""role_family"": ""BI & Visualization"", ""roles"": [""Técnico de Soporte"", ""Ingeniero Preventa - Administrador de Plataforma""]}"
Técnico de Soporte,Líder IA Generativa-GitHub Copilot-Bogotá,1.0,0.839,"[""AWS"", ""Oracle"", ""comunicacion"", ""resolucion de problemas"", ""security"", ""trabajo en equipo""]",Enterprise Analytics,0.53,"{""metric_period"": ""2026-05"", ""role_family"": ""BI & Visualization"", ""roles"": [""Técnico de Soporte"", ""Líder IA Generativa-GitHub Copilot-Bogotá""]}"
Técnico de Soporte,Ingeniero de Soporte Infraestructura Junior,1.0,0.839,"[""AWS"", ""BI"", ""ITIL"", ""Power BI"", ""compliance"", ""comunicacion"", ""reporting"", ""resolucion de problemas""]",Enterprise Analytics,0.53,"{""metric_period"": ""2026-05"", ""role_family"": ""BI & Visualization"", ""roles"": [""Técnico de Soporte"", ""Ingeniero de Soporte Infraestructura Junior""]}"
Técnico de Soporte,Analista Funcional de Procesos de Software,1.0,0.839,"[""AWS"", ""Oracle"", ""comunicacion"", ""reporting"", ""security"", ""trabajo en equipo""]",Enterprise Analytics,0.53,"{""metric_period"": ""2026-05"", ""role_family"": ""BI & Visualization"", ""roles"": [""Técnico de Soporte"", ""Analista Funcional de Procesos de Software""]}"
Técnico de Soporte,Especialista IA,1.0,0.839,"[""AWS"", ""compliance"", ""comunicacion"", ""reporting"", ""security"", ""trabajo en equipo""]",Enterprise Analytics,0.53,"{""metric_period"": ""2026-05"", ""role_family"": ""BI & Visualization"", ""roles"": [""Técnico de Soporte"", ""Especialista IA""]}"
Técnico de Soporte,Administrador de Bases de Datos (DBA),1.0,0.839,"[""AWS"", ""ITIL"", ""Oracle"", ""compliance"", ""comunicacion"", ""resolucion de problemas"", ""security"", ""trabajo en equipo""]",Enterprise Analytics,0.53,"{""metric_period"": ""2026-05"", ""role_family"": ""BI & Visualization"", ""roles"": [""Técnico de Soporte"", ""Administrador de Bases de Datos (DBA)""]}"
Técnico de Soporte,Venta Equipos SAS,1.0,0.839,"[""ITIL"", ""compliance"", ""comunicacion"", ""resolucion de problemas"", ""trabajo en equipo""]",Enterprise Analytics,0.53,"{""metric_period"": ""2026-05"", ""role_family"": ""BI & Visualization"", ""roles"": [""Técnico de Soporte"", ""Venta Equipos SAS""]}"
Administrador Linux,Administrador de Aplicaciones (Oracle / WebLogic / Middleware),1.0,0.839,"[""AWS"", ""Azure"", ""compliance"", ""comunicacion"", ""security""]",Enterprise Analytics,0.53,"{""metric_period"": ""2026-05"", ""role_family"": ""Governance & Quality"", ""roles"": [""Administrador Linux"", ""Administrador de Aplicaciones (Oracle / WebLogic / Middleware)""]}"
Administrador Linux,Ingeniero Preventa - Administrador de Plataforma,1.0,0.839,"[""AWS"", ""Azure"", ""BI"", ""ITIL"", ""KPIs"", ""compliance"", ""comunicacion"", ""reporting""]",Enterprise Analytics,0.53,"{""metric_period"": ""2026-05"", ""role_family"": ""Governance & Quality"", ""roles"": [""Administrador Linux"", ""Ingeniero Preventa - Administrador de Plataforma""]}"
Administrador Linux,Líder IA Generativa-GitHub Copilot-Bogotá,1.0,0.839,"[""AWS"", ""Azure"", ""comunicacion"", ""resolucion de problemas"", ""security"", ""trabajo en equipo""]",Enterprise Analytics,0.53,"{""metric_period"": ""2026-05"", ""role_family"": ""Governance & Quality"", ""roles"": [""Administrador Linux"", ""Líder IA Generativa-GitHub Copilot-Bogotá""]}"
Administrador Linux,Ingeniero de Soporte Infraestructura Junior,1.0,0.839,"[""AWS"", ""Azure"", ""BI"", ""ITIL"", ""compliance"", ""comunicacion"", ""reporting"", ""resolucion de problemas""]",Enterprise Analytics,0.53,"{""metric_period"": ""2026-05"", ""role_family"": ""Governance & Quality"", ""roles"": [""Administrador Linux"", ""Ingeniero de Soporte Infraestructura Junior""]}"
Administrador Linux,Analista Funcional de Procesos de Software,1.0,0.839,"[""AWS"", ""Azure"", ""comunicacion"", ""reporting"", ""security"", ""trabajo en equipo""]",Enterprise Analytics,0.53,"{""metric_period"": ""2026-05"", ""role_family"": ""Governance & Quality"", ""roles"": [""Administrador Linux"", ""Analista Funcional de Procesos de Software""]}"
Administrador Linux,Especialista IA,1.0,0.839,"[""AWS"", ""Azure"", ""KPIs"", ""compliance"", ""comunicacion"", ""reporting"", ""security"", ""trabajo en equipo""]",Enterprise Analytics,0.53,"{""metric_period"": ""2026-05"", ""role_family"": ""Governance & Quality"", ""roles"": [""Administrador Linux"", ""Especialista IA""]}"
Administrador Linux,Administrador de Bases de Datos (DBA),1.0,0.839,"[""AWS"", ""Azure"", ""ITIL"", ""compliance"", ""comunicacion"", ""resolucion de problemas"", ""security"", ""trabajo en equipo""]",Enterprise Analytics,0.53,"{""metric_period"": ""2026-05"", ""role_family"": ""Governance & Quality"", ""roles"": [""Administrador Linux"", ""Administrador de Bases de Datos (DBA)""]}"
Administrador Linux,Venta Equipos SAS,1.0,0.839,"[""ITIL"", ""compliance"", ""comunicacion"", ""resolucion de problemas"", ""trabajo en equipo""]",Governance & Quality,0.53,"{""metric_period"": ""2026-05"", ""role_family"": ""Governance & Quality"", ""roles"": [""Administrador Linux"", ""Venta Equipos SAS""]}"
Desarrollador Backend .NET Senior (hibrido),Administrador de Aplicaciones (Oracle / WebLogic / Middleware),1.0,0.839,"[""APIs"", ""AWS"", ""Agile"", ""Azure"", ""GCP"", ""Oracle"", ""Python"", ""compliance""]",Enterprise Analytics,0.53,"{""metric_period"": ""2026-05"", ""role_family"": ""Governance & Quality"", ""roles"": [""Desarrollador Backend .NET Senior (hibrido)"", ""Administrador de Aplicaciones (Oracle / WebLogic / Middleware)""]}"
Desarrollador Backend .NET Senior (hibrido),Ingeniero Preventa - Administrador de Plataforma,1.0,0.839,"[""AWS"", ""Azure"", ""BI"", ""KPIs"", ""Python"", ""compliance"", ""comunicacion"", ""liderazgo""]",Enterprise Analytics,0.53,"{""metric_period"": ""2026-05"", ""role_family"": ""Governance & Quality"", ""roles"": [""Desarrollador Backend .NET Senior (hibrido)"", ""Ingeniero Preventa - Administrador de Plataforma""]}"
Desarrollador Backend .NET Senior (hibrido),Líder IA Generativa-GitHub Copilot-Bogotá,1.0,0.839,"[""AI"", ""APIs"", ""AWS"", ""Azure"", ""Oracle"", ""comunicacion"", ""security"", ""trabajo en equipo""]",Enterprise Analytics,0.53,"{""metric_period"": ""2026-05"", ""role_family"": ""Governance & Quality"", ""roles"": [""Desarrollador Backend .NET Senior (hibrido)"", ""Líder IA Generativa-GitHub Copilot-Bogotá""]}"
Desarrollador Backend .NET Senior (hibrido),Ingeniero de Soporte Infraestructura Junior,1.0,0.839,"[""AWS"", ""Agile"", ""Azure"", ""BI"", ""GCP"", ""Python"", ""compliance"", ""comunicacion""]",Enterprise Analytics,0.53,"{""metric_period"": ""2026-05"", ""role_family"": ""Governance & Quality"", ""roles"": [""Desarrollador Backend .NET Senior (hibrido)"", ""Ingeniero de Soporte Infraestructura Junior""]}"
Desarrollador Backend .NET Senior (hibrido),Analista Funcional de Procesos de Software,1.0,0.839,"[""AI"", ""APIs"", ""AWS"", ""Agile"", ""Azure"", ""ELT"", ""Kanban"", ""MLflow""]",Enterprise Analytics,0.53,"{""metric_period"": ""2026-05"", ""role_family"": ""Governance & Quality"", ""roles"": [""Desarrollador Backend .NET Senior (hibrido)"", ""Analista Funcional de Procesos de Software""]}"
Desarrollador Backend .NET Senior (hibrido),Especialista IA,1.0,0.839,"[""AI"", ""APIs"", ""AWS"", ""Agile"", ""Azure"", ""ELT"", ""GCP"", ""KPIs""]",Enterprise Analytics,0.53,"{""metric_period"": ""2026-05"", ""role_family"": ""Governance & Quality"", ""roles"": [""Desarrollador Backend .NET Senior (hibrido)"", ""Especialista IA""]}"
Desarrollador Backend .NET Senior (hibrido),Administrador de Bases de Datos (DBA),1.0,0.839,"[""APIs"", ""AWS"", ""Azure"", ""Oracle"", ""compliance"", ""comunicacion"", ""security"", ""trabajo en equipo""]",Enterprise Analytics,0.53,"{""metric_period"": ""2026-05"", ""role_family"": ""Governance & Quality"", ""roles"": [""Desarrollador Backend .NET Senior (hibrido)"", ""Administrador de Bases de Datos (DBA)""]}"
Desarrollador Backend .NET Senior (hibrido),Venta Equipos SAS,1.0,0.839,"[""compliance"", ""comunicacion"", ""trabajo en equipo""]",Governance & Quality,0.53,"{""metric_period"": ""2026-05"", ""role_family"": ""Governance & Quality"", ""roles"": [""Desarrollador Backend .NET Senior (hibrido)"", ""Venta Equipos SAS""]}"
CS3 SAS,Ingeniero Preventa - Administrador de Plataforma,1.0,0.839,"[""Azure"", ""comunicacion"", ""reporting"", ""resolucion de problemas"", ""security"", ""trabajo en equipo""]",Enterprise Analytics,0.53,"{""metric_period"": ""2026-05"", ""role_family"": ""Analytics Engineering"", ""roles"": [""CS3 SAS"", ""Ingeniero Preventa - Administrador de Plataforma""]}"
CS3 SAS,Líder IA Generativa-GitHub Copilot-Bogotá,1.0,0.839,"[""APIs"", ""Azure"", ""SQL"", ""comunicacion"", ""resolucion de problemas"", ""security"", ""trabajo en equipo""]",Enterprise Analytics,0.53,"{""metric_period"": ""2026-05"", ""role_family"": ""Analytics Engineering"", ""roles"": [""CS3 SAS"", ""Líder IA Generativa-GitHub Copilot-Bogotá""]}"
CS3 SAS,Ingeniero de Soporte Infraestructura Junior,1.0,0.839,"[""Azure"", ""ETL"", ""MongoDB"", ""SQL"", ""SQL Server"", ""SSIS"", ""comunicacion"", ""reporting""]",Enterprise Analytics,0.53,"{""metric_period"": ""2026-05"", ""role_family"": ""Analytics Engineering"", ""roles"": [""CS3 SAS"", ""Ingeniero de Soporte Infraestructura Junior""]}"
CS3 SAS,Analista Funcional de Procesos de Software,1.0,0.839,"[""APIs"", ""Azure"", ""comunicacion"", ""pensamiento analitico"", ""reporting"", ""security"", ""trabajo en equipo""]",Enterprise Analytics,0.53,"{""metric_period"": ""2026-05"", ""role_family"": ""Analytics Engineering"", ""roles"": [""CS3 SAS"", ""Analista Funcional de Procesos de Software""]}"
CS3 SAS,Especialista IA,1.0,0.839,"[""APIs"", ""Azure"", ""comunicacion"", ""reporting"", ""security"", ""trabajo en equipo""]",Enterprise Analytics,0.53,"{""metric_period"": ""2026-05"", ""role_family"": ""Analytics Engineering"", ""roles"": [""CS3 SAS"", ""Especialista IA""]}"
CS3 SAS,Administrador de Bases de Datos (DBA),1.0,0.839,"[""APIs"", ""Azure"", ""ETL"", ""MongoDB"", ""SQL"", ""SQL Server"", ""SSIS"", ""comunicacion""]",Enterprise Analytics,0.53,"{""metric_period"": ""2026-05"", ""role_family"": ""Analytics Engineering"", ""roles"": [""CS3 SAS"", ""Administrador de Bases de Datos (DBA)""]}"
CS3 SAS,Venta Equipos SAS,1.0,0.839,"[""comunicacion"", ""resolucion de problemas"", ""trabajo en equipo""]",Enterprise Analytics,0.53,"{""metric_period"": ""2026-05"", ""role_family"": ""Analytics Engineering"", ""roles"": [""CS3 SAS"", ""Venta Equipos SAS""]}"
Técnico de Soporte,Confidencial2,1.0,0.839,"[""compliance"", ""comunicacion"", ""reporting"", ""security""]",Enterprise Analytics,0.33,"{""metric_period"": ""2026-05"", ""role_family"": ""BI & Visualization"", ""roles"": [""Técnico de Soporte"", ""Confidencial2""]}"
Administrador Linux,Confidencial2,1.0,0.839,"[""Azure"", ""KPIs"", ""compliance"", ""comunicacion"", ""reporting"", ""security""]",Governance & Quality,0.33,"{""metric_period"": ""2026-05"", ""role_family"": ""Governance & Quality"", ""roles"": [""Administrador Linux"", ""Confidencial2""]}"
Desarrollador Backend .NET Senior (hibrido),Confidencial2,1.0,0.839,"[""Azure"", ""KPIs"", ""compliance"", ""comunicacion"", ""reporting"", ""security""]",Governance & Quality,0.33,"{""metric_period"": ""2026-05"", ""role_family"": ""Governance & Quality"", ""roles"": [""Desarrollador Backend .NET Senior (hibrido)"", ""Confidencial2""]}"
CS3 SAS,Confidencial2,1.0,0.839,"[""Azure"", ""comunicacion"", ""reporting"", ""security""]",Enterprise Analytics,0.33,"{""metric_period"": ""2026-05"", ""role_family"": ""Analytics Engineering"", ""roles"": [""CS3 SAS"", ""Confidencial2""]}"
Administrador de Aplicaciones (Oracle / WebLogic / Middleware),Ingeniero Preventa - Administrador de Plataforma,1.0,0.832,"[""AWS"", ""Azure"", ""Python"", ""compliance"", ""comunicacion"", ""gestion de stakeholders"", ""liderazgo"", ""security""]",Enterprise Analytics,0.52,"{""metric_period"": ""2026-05"", ""role_family"": ""Cloud Analytics"", ""roles"": [""Administrador de Aplicaciones (Oracle / WebLogic / Middleware)"", ""Ingeniero Preventa - Administrador de Plataforma""]}"
Administrador de Aplicaciones (Oracle / WebLogic / Middleware),Ingeniero de Soporte Infraestructura Junior,1.0,0.832,"[""AWS"", ""Agile"", ""Azure"", ""GCP"", ""Python"", ""SQL"", ""compliance"", ""comunicacion""]",Cloud Analytics,0.52,"{""metric_period"": ""2026-05"", ""role_family"": ""Cloud Analytics"", ""roles"": [""Administrador de Aplicaciones (Oracle / WebLogic / Middleware)"", ""Ingeniero de Soporte Infraestructura Junior""]}"
Administrador de Aplicaciones (Oracle / WebLogic / Middleware),Analista Funcional de Procesos de Software,1.0,0.832,"[""APIs"", ""AWS"", ""Agile"", ""Azure"", ""Oracle"", ""Python"", ""comunicacion"", ""gestion de stakeholders""]",Enterprise Analytics,0.52,"{""metric_period"": ""2026-05"", ""role_family"": ""Cloud Analytics"", ""roles"": [""Administrador de Aplicaciones (Oracle / WebLogic / Middleware)"", ""Analista Funcional de Procesos de Software""]}"
Administrador de Aplicaciones (Oracle / WebLogic / Middleware),Especialista IA,1.0,0.832,"[""APIs"", ""AWS"", ""Agile"", ""Azure"", ""GCP"", ""Python"", ""compliance"", ""comunicacion""]",Cloud Analytics,0.52,"{""metric_period"": ""2026-05"", ""role_family"": ""Cloud Analytics"", ""roles"": [""Administrador de Aplicaciones (Oracle / WebLogic / Middleware)"", ""Especialista IA""]}"
Administrador de Aplicaciones (Oracle / WebLogic / Middleware),Administrador de Bases de Datos (DBA),1.0,0.832,"[""APIs"", ""AWS"", ""Azure"", ""Oracle"", ""SQL"", ""compliance"", ""comunicacion"", ""security""]",Cloud Analytics,0.52,"{""metric_period"": ""2026-05"", ""role_family"": ""Cloud Analytics"", ""roles"": [""Administrador de Aplicaciones (Oracle / WebLogic / Middleware)"", ""Administrador de Bases de Datos (DBA)""]}"
Ingeniero Preventa - Administrador de Plataforma,Líder IA Generativa-GitHub Copilot-Bogotá,1.0,0.832,"[""AWS"", ""Azure"", ""comunicacion"", ""resolucion de problemas"", ""security"", ""trabajo en equipo""]",Enterprise Analytics,0.52,"{""metric_period"": ""2026-05"", ""role_family"": ""BI & Visualization"", ""roles"": [""Ingeniero Preventa - Administrador de Plataforma"", ""Líder IA Generativa-GitHub Copilot-Bogotá""]}"
Ingeniero Preventa - Administrador de Plataforma,Ingeniero de Soporte Infraestructura Junior,1.0,0.832,"[""AWS"", ""Azure"", ""BI"", ""ITIL"", ""Power BI"", ""Python"", ""compliance"", ""comunicacion""]",Enterprise Analytics,0.52,"{""metric_period"": ""2026-05"", ""role_family"": ""BI & Visualization"", ""roles"": [""Ingeniero Preventa - Administrador de Plataforma"", ""Ingeniero de Soporte Infraestructura Junior""]}"
Ingeniero Preventa - Administrador de Plataforma,Analista Funcional de Procesos de Software,1.0,0.832,"[""AWS"", ""Azure"", ""Python"", ""comunicacion"", ""gestion de stakeholders"", ""liderazgo"", ""reporting"", ""security""]",Enterprise Analytics,0.52,"{""metric_period"": ""2026-05"", ""role_family"": ""BI & Visualization"", ""roles"": [""Ingeniero Preventa - Administrador de Plataforma"", ""Analista Funcional de Procesos de Software""]}"
Ingeniero Preventa - Administrador de Plataforma,Especialista IA,1.0,0.832,"[""AWS"", ""Azure"", ""KPIs"", ""Python"", ""compliance"", ""comunicacion"", ""gestion de stakeholders"", ""liderazgo""]",Enterprise Analytics,0.52,"{""metric_period"": ""2026-05"", ""role_family"": ""BI & Visualization"", ""roles"": [""Ingeniero Preventa - Administrador de Plataforma"", ""Especialista IA""]}"
Ingeniero Preventa - Administrador de Plataforma,Administrador de Bases de Datos (DBA),1.0,0.832,"[""AWS"", ""Azure"", ""ITIL"", ""compliance"", ""comunicacion"", ""resolucion de problemas"", ""security"", ""trabajo en equipo""]",Enterprise Analytics,0.52,"{""metric_period"": ""2026-05"", ""role_family"": ""BI & Visualization"", ""roles"": [""Ingeniero Preventa - Administrador de Plataforma"", ""Administrador de Bases de Datos (DBA)""]}"
Ingeniero Preventa - Administrador de Plataforma,Venta Equipos SAS,1.0,0.832,"[""ITIL"", ""compliance"", ""comunicacion"", ""resolucion de problemas"", ""trabajo en equipo""]",Enterprise Analytics,0.52,"{""metric_period"": ""2026-05"", ""role_family"": ""BI & Visualization"", ""roles"": [""Ingeniero Preventa - Administrador de Plataforma"", ""Venta Equipos SAS""]}"
Líder IA Generativa-GitHub Copilot-Bogotá,Ingeniero de Soporte Infraestructura Junior,1.0,0.832,"[""AWS"", ""Azure"", ""SQL"", ""comunicacion"", ""resolucion de problemas"", ""security"", ""trabajo en equipo""]",Enterprise Analytics,0.52,"{""metric_period"": ""2026-05"", ""role_family"": ""AI Analytics"", ""roles"": [""Líder IA Generativa-GitHub Copilot-Bogotá"", ""Ingeniero de Soporte Infraestructura Junior""]}"
Líder IA Generativa-GitHub Copilot-Bogotá,Analista Funcional de Procesos de Software,1.0,0.832,"[""AI"", ""APIs"", ""AWS"", ""Azure"", ""Oracle"", ""comunicacion"", ""security"", ""trabajo en equipo""]",AI Analytics,0.52,"{""metric_period"": ""2026-05"", ""role_family"": ""AI Analytics"", ""roles"": [""Líder IA Generativa-GitHub Copilot-Bogotá"", ""Analista Funcional de Procesos de Software""]}"
Líder IA Generativa-GitHub Copilot-Bogotá,Especialista IA,1.0,0.832,"[""AI"", ""APIs"", ""AWS"", ""Azure"", ""comunicacion"", ""security"", ""trabajo en equipo""]",Enterprise Analytics,0.52,"{""metric_period"": ""2026-05"", ""role_family"": ""AI Analytics"", ""roles"": [""Líder IA Generativa-GitHub Copilot-Bogotá"", ""Especialista IA""]}"
Líder IA Generativa-GitHub Copilot-Bogotá,Administrador de Bases de Datos (DBA),1.0,0.832,"[""APIs"", ""AWS"", ""Azure"", ""Oracle"", ""PostgreSQL"", ""Redis"", ""SQL"", ""comunicacion""]",Enterprise Analytics,0.52,"{""metric_period"": ""2026-05"", ""role_family"": ""AI Analytics"", ""roles"": [""Líder IA Generativa-GitHub Copilot-Bogotá"", ""Administrador de Bases de Datos (DBA)""]}"
Líder IA Generativa-GitHub Copilot-Bogotá,Venta Equipos SAS,1.0,0.832,"[""comunicacion"", ""resolucion de problemas"", ""trabajo en equipo""]",Enterprise Analytics,0.52,"{""metric_period"": ""2026-05"", ""role_family"": ""AI Analytics"", ""roles"": [""Líder IA Generativa-GitHub Copilot-Bogotá"", ""Venta Equipos SAS""]}"
Ingeniero de Soporte Infraestructura Junior,Analista Funcional de Procesos de Software,1.0,0.832,"[""AWS"", ""Agile"", ""Azure"", ""Python"", ""comunicacion"", ""reporting"", ""security"", ""trabajo en equipo""]",Enterprise Analytics,0.52,"{""metric_period"": ""2026-05"", ""role_family"": ""Cloud Analytics"", ""roles"": [""Ingeniero de Soporte Infraestructura Junior"", ""Analista Funcional de Procesos de Software""]}"
Ingeniero de Soporte Infraestructura Junior,Especialista IA,1.0,0.832,"[""AWS"", ""Agile"", ""Azure"", ""GCP"", ""Python"", ""compliance"", ""comunicacion"", ""dashboarding""]",Cloud Analytics,0.52,"{""metric_period"": ""2026-05"", ""role_family"": ""Cloud Analytics"", ""roles"": [""Ingeniero de Soporte Infraestructura Junior"", ""Especialista IA""]}"
Ingeniero de Soporte Infraestructura Junior,Administrador de Bases de Datos (DBA),1.0,0.832,"[""AWS"", ""Azure"", ""ETL"", ""ITIL"", ""MongoDB"", ""SQL"", ""SQL Server"", ""SSIS""]",Cloud Analytics,0.52,"{""metric_period"": ""2026-05"", ""role_family"": ""Cloud Analytics"", ""roles"": [""Ingeniero de Soporte Infraestructura Junior"", ""Administrador de Bases de Datos (DBA)""]}"
Ingeniero de Soporte Infraestructura Junior,Venta Equipos SAS,1.0,0.832,"[""ITIL"", ""compliance"", ""comunicacion"", ""resolucion de problemas"", ""trabajo en equipo""]",Enterprise Analytics,0.52,"{""metric_period"": ""2026-05"", ""role_family"": ""Cloud Analytics"", ""roles"": [""Ingeniero de Soporte Infraestructura Junior"", ""Venta Equipos SAS""]}"
Analista Funcional de Procesos de Software,Especialista IA,1.0,0.832,"[""AI"", ""APIs"", ""AWS"", ""Agile"", ""Azure"", ""ELT"", ""Kanban"", ""MLflow""]",Enterprise Analytics,0.52,"{""metric_period"": ""2026-05"", ""role_family"": ""AI Analytics"", ""roles"": [""Analista Funcional de Procesos de Software"", ""Especialista IA""]}"
Analista Funcional de Procesos de Software,Administrador de Bases de Datos (DBA),1.0,0.832,"[""APIs"", ""AWS"", ""Azure"", ""Oracle"", ""comunicacion"", ""security"", ""trabajo en equipo""]",Enterprise Analytics,0.52,"{""metric_period"": ""2026-05"", ""role_family"": ""AI Analytics"", ""roles"": [""Analista Funcional de Procesos de Software"", ""Administrador de Bases de Datos (DBA)""]}"
Especialista IA,Administrador de Bases de Datos (DBA),1.0,0.832,"[""APIs"", ""AWS"", ""Azure"", ""compliance"", ""comunicacion"", ""security"", ""trabajo en equipo""]",Cloud Analytics,0.52,"{""metric_period"": ""2026-05"", ""role_family"": ""Cloud Analytics"", ""roles"": [""Especialista IA"", ""Administrador de Bases de Datos (DBA)""]}"
Especialista IA,Venta Equipos SAS,1.0,0.832,"[""compliance"", ""comunicacion"", ""trabajo en equipo""]",Enterprise Analytics,0.52,"{""metric_period"": ""2026-05"", ""role_family"": ""Cloud Analytics"", ""roles"": [""Especialista IA"", ""Venta Equipos SAS""]}"
Administrador de Bases de Datos (DBA),Venta Equipos SAS,1.0,0.832,"[""ITIL"", ""compliance"", ""comunicacion"", ""resolucion de problemas"", ""trabajo en equipo""]",Enterprise Analytics,0.52,"{""metric_period"": ""2026-05"", ""role_family"": ""Cloud Analytics"", ""roles"": [""Administrador de Bases de Datos (DBA)"", ""Venta Equipos SAS""]}"
"26/05/2026 Cundinamarca, Bogotá",21/05/2026 Bogotá,1.0,0.832,[],Enterprise Analytics,0.52,"{""metric_period"": ""2026-05"", ""role_family"": ""Enterprise Analytics"", ""roles"": [""26/05/2026 Cundinamarca, Bogotá"", ""21/05/2026 Bogotá""]}"
"26/05/2026 Cundinamarca, Bogotá",27/05/2026 Bogotá,1.0,0.832,[],Enterprise Analytics,0.52,"{""metric_period"": ""2026-05"", ""role_family"": ""Enterprise Analytics"", ""roles"": [""26/05/2026 Cundinamarca, Bogotá"", ""27/05/2026 Bogotá""]}"
"26/05/2026 Cundinamarca, Bogotá",26/05/2026 Bogotá,1.0,0.832,[],Enterprise Analytics,0.52,"{""metric_period"": ""2026-05"", ""role_family"": ""Enterprise Analytics"", ""roles"": [""26/05/2026 Cundinamarca, Bogotá"", ""26/05/2026 Bogotá""]}"
"26/05/2026 Cundinamarca, Bogotá",20/05/2026 Bogotá,1.0,0.832,[],Enterprise Analytics,0.52,"{""metric_period"": ""2026-05"", ""role_family"": ""Enterprise Analytics"", ""roles"": [""26/05/2026 Cundinamarca, Bogotá"", ""20/05/2026 Bogotá""]}"
08/05/2026 A convenir Bogotá,21/05/2026 Bogotá,1.0,0.832,[],Enterprise Analytics,0.52,"{""metric_period"": ""2026-05"", ""role_family"": ""Enterprise Analytics"", ""roles"": [""08/05/2026 A convenir Bogotá"", ""21/05/2026 Bogotá""]}"
08/05/2026 A convenir Bogotá,27/05/2026 Bogotá,1.0,0.832,[],Enterprise Analytics,0.52,"{""metric_period"": ""2026-05"", ""role_family"": ""Enterprise Analytics"", ""roles"": [""08/05/2026 A convenir Bogotá"", ""27/05/2026 Bogotá""]}"
08/05/2026 A convenir Bogotá,26/05/2026 Bogotá,1.0,0.832,[],Enterprise Analytics,0.52,"{""metric_period"": ""2026-05"", ""role_family"": ""Enterprise Analytics"", ""roles"": [""08/05/2026 A convenir Bogotá"", ""26/05/2026 Bogotá""]}"
08/05/2026 A convenir Bogotá,20/05/2026 Bogotá,1.0,0.832,[],Enterprise Analytics,0.52,"{""metric_period"": ""2026-05"", ""role_family"": ""Enterprise Analytics"", ""roles"": [""08/05/2026 A convenir Bogotá"", ""20/05/2026 Bogotá""]}"
21/05/2026 Bogotá,27/05/2026 Bogotá,1.0,0.832,[],Enterprise Analytics,0.52,"{""metric_period"": ""2026-05"", ""role_family"": ""Enterprise Analytics"", ""roles"": [""21/05/2026 Bogotá"", ""27/05/2026 Bogotá""]}"
21/05/2026 Bogotá,26/05/2026 Bogotá,1.0,0.832,[],Enterprise Analytics,0.52,"{""metric_period"": ""2026-05"", ""role_family"": ""Enterprise Analytics"", ""roles"": [""21/05/2026 Bogotá"", ""26/05/2026 Bogotá""]}"
21/05/2026 Bogotá,20/05/2026 Bogotá,1.0,0.832,[],Enterprise Analytics,0.52,"{""metric_period"": ""2026-05"", ""role_family"": ""Enterprise Analytics"", ""roles"": [""21/05/2026 Bogotá"", ""20/05/2026 Bogotá""]}"
27/05/2026 Bogotá,26/05/2026 Bogotá,1.0,0.832,[],Enterprise Analytics,0.52,"{""metric_period"": ""2026-05"", ""role_family"": ""Enterprise Analytics"", ""roles"": [""27/05/2026 Bogotá"", ""26/05/2026 Bogotá""]}"
27/05/2026 Bogotá,20/05/2026 Bogotá,1.0,0.832,[],Enterprise Analytics,0.52,"{""metric_period"": ""2026-05"", ""role_family"": ""Enterprise Analytics"", ""roles"": [""27/05/2026 Bogotá"", ""20/05/2026 Bogotá""]}"
26/05/2026 Bogotá,20/05/2026 Bogotá,1.0,0.832,[],Enterprise Analytics,0.52,"{""metric_period"": ""2026-05"", ""role_family"": ""Enterprise Analytics"", ""roles"": [""26/05/2026 Bogotá"", ""20/05/2026 Bogotá""]}"
Ingeniero Preventa - Administrador de Plataforma,Confidencial2,1.0,0.832,"[""Azure"", ""KPIs"", ""compliance"", ""comunicacion"", ""reporting"", ""security""]",Enterprise Analytics,0.32,"{""metric_period"": ""2026-05"", ""role_family"": ""BI & Visualization"", ""roles"": [""Ingeniero Preventa - Administrador de Plataforma"", ""Confidencial2""]}"
Ingeniero de Soporte Infraestructura Junior,Confidencial2,1.0,0.832,"[""Azure"", ""compliance"", ""comunicacion"", ""reporting"", ""security""]",Enterprise Analytics,0.32,"{""metric_period"": ""2026-05"", ""role_family"": ""Cloud Analytics"", ""roles"": [""Ingeniero de Soporte Infraestructura Junior"", ""Confidencial2""]}"
Especialista IA,Confidencial2,1.0,0.832,"[""Azure"", ""KPIs"", ""compliance"", ""comunicacion"", ""reporting"", ""security""]",Enterprise Analytics,0.32,"{""metric_period"": ""2026-05"", ""role_family"": ""Cloud Analytics"", ""roles"": [""Especialista IA"", ""Confidencial2""]}"
Ejecutivo Comercial TI,Administrador de Bases de Datos (DBA),0.9914,0.8404,"[""APIs"", ""AWS"", ""Azure"", ""compliance"", ""comunicacion"", ""security""]",Enterprise Analytics,0.54,"{""metric_period"": ""2026-05"", ""role_family"": ""AI Analytics"", ""roles"": [""Ejecutivo Comercial TI"", ""Administrador de Bases de Datos (DBA)""]}"
Administrador de Bases de Datos (DBA),Soluciones en Bases de Datos,0.9833,0.8211,"[""security""]",Enterprise Analytics,0.29,"{""metric_period"": ""2026-05"", ""role_family"": ""Cloud Analytics"", ""roles"": [""Administrador de Bases de Datos (DBA)"", ""Soluciones en Bases de Datos""]}"
"26/05/2026 Cundinamarca, Bogotá",08/05/2026 A convenir Bogotá,0.9514,0.8004,[],Enterprise Analytics,0.52,"{""metric_period"": ""2026-05"", ""role_family"": ""Enterprise Analytics"", ""roles"": [""26/05/2026 Cundinamarca, Bogotá"", ""08/05/2026 A convenir Bogotá""]}"
Venta Equipos SAS,Confidencial2,0.9467,0.7974,"[""compliance"", ""comunicacion""]",Governance & Quality,0.32,"{""metric_period"": ""2026-05"", ""role_family"": ""Governance & Quality"", ""roles"": [""Venta Equipos SAS"", ""Confidencial2""]}"
Analista Funcional de Procesos de Software,Confidencial2,0.94,0.793,"[""Azure"", ""comunicacion"", ""reporting"", ""security""]",Enterprise Analytics,0.32,"{""metric_period"": ""2026-05"", ""role_family"": ""AI Analytics"", ""roles"": [""Analista Funcional de Procesos de Software"", ""Confidencial2""]}"
Administrador de Bases de Datos (DBA),Confidencial2,0.94,0.793,"[""Azure"", ""compliance"", ""comunicacion"", ""security""]",Enterprise Analytics,0.32,"{""metric_period"": ""2026-05"", ""role_family"": ""Cloud Analytics"", ""roles"": [""Administrador de Bases de Datos (DBA)"", ""Confidencial2""]}"
Administrador de Aplicaciones (Oracle / WebLogic / Middleware),Líder IA Generativa-GitHub Copilot-Bogotá,0.92,0.78,"[""APIs"", ""AWS"", ""Azure"", ""Oracle"", ""SQL"", ""comunicacion"", ""security""]",Enterprise Analytics,0.52,"{""metric_period"": ""2026-05"", ""role_family"": ""Cloud Analytics"", ""roles"": [""Administrador de Aplicaciones (Oracle / WebLogic / Middleware)"", ""Líder IA Generativa-GitHub Copilot-Bogotá""]}"
CS3 SAS,Administrador de Aplicaciones (Oracle / WebLogic / Middleware),0.9123,0.782,"[""APIs"", ""Azure"", ""SQL"", ""comunicacion"", ""security""]",Enterprise Analytics,0.53,"{""metric_period"": ""2026-05"", ""role_family"": ""Analytics Engineering"", ""roles"": [""CS3 SAS"", ""Administrador de Aplicaciones (Oracle / WebLogic / Middleware)""]}"
Administrador de Aplicaciones (Oracle / WebLogic / Middleware),Confidencial2,0.8745,0.7504,"[""Azure"", ""compliance"", ""comunicacion"", ""security""]",Enterprise Analytics,0.32,"{""metric_period"": ""2026-05"", ""role_family"": ""Cloud Analytics"", ""roles"": [""Administrador de Aplicaciones (Oracle / WebLogic / Middleware)"", ""Confidencial2""]}"
Aprendiz en Desarrollo de Software,Líder IA Generativa-GitHub Copilot-Bogotá,0.8553,0.7589,"[""APIs"", ""AWS"", ""Azure"", ""Oracle"", ""comunicacion"", ""security""]",Enterprise Analytics,0.55,"{""metric_period"": ""2026-05"", ""role_family"": ""Governance & Quality"", ""roles"": [""Aprendiz en Desarrollo de Software"", ""Líder IA Generativa-GitHub Copilot-Bogotá""]}"
Aprendiz en Desarrollo de Software,Indra Colombia LTDA,0.82,0.736,"[""APIs"", ""Agile"", ""Azure"", ""Python""]",Enterprise Analytics,0.56,"{""metric_period"": ""2026-05"", ""role_family"": ""Governance & Quality"", ""roles"": [""Aprendiz en Desarrollo de Software"", ""Indra Colombia LTDA""]}"
Administrador de Aplicaciones (Oracle / WebLogic / Middleware),SETI S.A.S.,0.7967,0.6999,"[""Azure"", ""Oracle""]",Cloud Analytics,0.29,"{""metric_period"": ""2026-05"", ""role_family"": ""Cloud Analytics"", ""roles"": [""Administrador de Aplicaciones (Oracle / WebLogic / Middleware)"", ""SETI S.A.S.""]}"
Administrador de Bases de Datos (DBA),SETI S.A.S.,0.7967,0.6999,"[""Azure"", ""Oracle""]",Cloud Analytics,0.29,"{""metric_period"": ""2026-05"", ""role_family"": ""Cloud Analytics"", ""roles"": [""Administrador de Bases de Datos (DBA)"", ""SETI S.A.S.""]}"
19/05/2026 Atlántico,21/05/2026 Bogotá,0.78,0.689,[],Enterprise Analytics,0.52,"{""metric_period"": ""2026-05"", ""role_family"": ""Enterprise Analytics"", ""roles"": [""19/05/2026 Atlántico"", ""21/05/2026 Bogotá""]}"
19/05/2026 Atlántico,27/05/2026 Bogotá,0.78,0.689,[],Enterprise Analytics,0.52,"{""metric_period"": ""2026-05"", ""role_family"": ""Enterprise Analytics"", ""roles"": [""19/05/2026 Atlántico"", ""27/05/2026 Bogotá""]}"
19/05/2026 Atlántico,26/05/2026 Bogotá,0.78,0.689,[],Enterprise Analytics,0.52,"{""metric_period"": ""2026-05"", ""role_family"": ""Enterprise Analytics"", ""roles"": [""19/05/2026 Atlántico"", ""26/05/2026 Bogotá""]}"
19/05/2026 Atlántico,20/05/2026 Bogotá,0.78,0.689,[],Enterprise Analytics,0.52,"{""metric_period"": ""2026-05"", ""role_family"": ""Enterprise Analytics"", ""roles"": [""19/05/2026 Atlántico"", ""20/05/2026 Bogotá""]}"
Indra Colombia LTDA,Administrador de Aplicaciones (Oracle / WebLogic / Middleware),0.7738,0.692,"[""APIs"", ""Agile"", ""Azure"", ""Python""]",Enterprise Analytics,0.53,"{""metric_period"": ""2026-05"", ""role_family"": ""AI Analytics"", ""roles"": [""Indra Colombia LTDA"", ""Administrador de Aplicaciones (Oracle / WebLogic / Middleware)""]}"
Analista Funcional de Procesos de Software,Venta Equipos SAS,0.7667,0.6804,"[""comunicacion"", ""trabajo en equipo""]",Enterprise Analytics,0.52,"{""metric_period"": ""2026-05"", ""role_family"": ""AI Analytics"", ""roles"": [""Analista Funcional de Procesos de Software"", ""Venta Equipos SAS""]}"
Líder IA Generativa-GitHub Copilot-Bogotá,Confidencial2,0.76,0.676,"[""Azure"", ""comunicacion"", ""security""]",Enterprise Analytics,0.32,"{""metric_period"": ""2026-05"", ""role_family"": ""AI Analytics"", ""roles"": [""Líder IA Generativa-GitHub Copilot-Bogotá"", ""Confidencial2""]}"
Especialista IA,SETI S.A.S.,0.7133,0.6456,"[""Azure""]",Cloud Analytics,0.29,"{""metric_period"": ""2026-05"", ""role_family"": ""Cloud Analytics"", ""roles"": [""Especialista IA"", ""SETI S.A.S.""]}"
Indra Colombia LTDA,Ingeniero de Soporte Infraestructura Junior,0.7109,0.6511,"[""Agile"", ""Azure"", ""Python""]",Enterprise Analytics,0.53,"{""metric_period"": ""2026-05"", ""role_family"": ""AI Analytics"", ""roles"": [""Indra Colombia LTDA"", ""Ingeniero de Soporte Infraestructura Junior""]}"
Aprendiz en Desarrollo de Software,Venta Equipos SAS,0.7067,0.6624,"[""compliance"", ""comunicacion""]",Governance & Quality,0.55,"{""metric_period"": ""2026-05"", ""role_family"": ""Governance & Quality"", ""roles"": [""Aprendiz en Desarrollo de Software"", ""Venta Equipos SAS""]}"
19/05/2026 Atlántico,"26/05/2026 Cundinamarca, Bogotá",0.6943,0.6333,[],Enterprise Analytics,0.52,"{""metric_period"": ""2026-05"", ""role_family"": ""Enterprise Analytics"", ""roles"": [""19/05/2026 Atlántico"", ""26/05/2026 Cundinamarca, Bogotá""]}"
19/05/2026 Atlántico,08/05/2026 A convenir Bogotá,0.6943,0.6333,[],Enterprise Analytics,0.52,"{""metric_period"": ""2026-05"", ""role_family"": ""Enterprise Analytics"", ""roles"": [""19/05/2026 Atlántico"", ""08/05/2026 A convenir Bogotá""]}"
Administrador de Aplicaciones (Oracle / WebLogic / Middleware),UNIVERSITAS XXI SOLUCIONES Y TECNOLOGIA PARA LA UNIVERSIDAD DE COLOMBIA SAS,0.6842,0.6267,"[""AWS"", ""Oracle""]",Cloud Analytics,0.29,"{""metric_period"": ""2026-05"", ""role_family"": ""Cloud Analytics"", ""roles"": [""Administrador de Aplicaciones (Oracle / WebLogic / Middleware)"", ""UNIVERSITAS XXI SOLUCIONES Y TECNOLOGIA PARA LA UNIVERSIDAD DE COLOMBIA SAS""]}"
Administrador de Bases de Datos (DBA),UNIVERSITAS XXI SOLUCIONES Y TECNOLOGIA PARA LA UNIVERSIDAD DE COLOMBIA SAS,0.6842,0.6267,"[""AWS"", ""Oracle""]",Cloud Analytics,0.29,"{""metric_period"": ""2026-05"", ""role_family"": ""Cloud Analytics"", ""roles"": [""Administrador de Bases de Datos (DBA)"", ""UNIVERSITAS XXI SOLUCIONES Y TECNOLOGIA PARA LA UNIVERSIDAD DE COLOMBIA SAS""]}"
Aprendiz en Desarrollo de Software,Soluciones en Bases de Datos,0.6833,0.6471,"[""security""]",Enterprise Analytics,0.32,"{""metric_period"": ""2026-05"", ""role_family"": ""Governance & Quality"", ""roles"": [""Aprendiz en Desarrollo de Software"", ""Soluciones en Bases de Datos""]}"
Confidencial2,SETI S.A.S.,0.6833,0.4861,"[""Azure""]",Enterprise Analytics,0.09,"{""metric_period"": ""2026-05"", ""role_family"": ""Governance & Quality"", ""roles"": [""Confidencial2"", ""SETI S.A.S.""]}"
Administrador de Servidores de Aplicaciones,SETI S.A.S.,0.681,0.6597,"[""Azure"", ""Oracle""]",Enterprise Analytics,0.34,"{""metric_period"": ""2026-05"", ""role_family"": ""AI Analytics"", ""roles"": [""Administrador de Servidores de Aplicaciones"", ""SETI S.A.S.""]}"
Indra Colombia LTDA,CS3 SAS,0.681,0.6317,"[""APIs"", ""Azure""]",Enterprise Analytics,0.54,"{""metric_period"": ""2026-05"", ""role_family"": ""AI Analytics"", ""roles"": [""Indra Colombia LTDA"", ""CS3 SAS""]}"
Data Analyst,BI Analyst,0.644,0.7,"[""SQL"", ""Power BI"", ""Python"", ""ETL"", ""Azure""]",career_transition,0.7,"{""metric_period"": ""2026-05"", ""transition_skill_gaps"": [""SQL"", ""Power BI"", ""Python"", ""ETL"", ""Azure""], ""recommended_next_skills"": [""SQL"", ""Power BI"", ""Python"", ""ETL"", ""Azure""]}"
BI Analyst,Reporting Analyst,0.644,0.7,"[""SQL"", ""Power BI"", ""Python"", ""ETL"", ""Azure""]",career_transition,0.7,"{""metric_period"": ""2026-05"", ""transition_skill_gaps"": [""SQL"", ""Power BI"", ""Python"", ""ETL"", ""Azure""], ""recommended_next_skills"": [""SQL"", ""Power BI"", ""Python"", ""ETL"", ""Azure""]}"
Reporting Analyst,Analytics Engineer,0.644,0.7,"[""SQL"", ""Power BI"", ""Python"", ""ETL"", ""Azure""]",career_transition,0.7,"{""metric_period"": ""2026-05"", ""transition_skill_gaps"": [""SQL"", ""Power BI"", ""Python"", ""ETL"", ""Azure""], ""recommended_next_skills"": [""SQL"", ""Power BI"", ""Python"", ""ETL"", ""Azure""]}"
Analytics Engineer,Data Engineer,0.644,0.7,"[""SQL"", ""Power BI"", ""Python"", ""ETL"", ""Azure""]",career_transition,0.7,"{""metric_period"": ""2026-05"", ""transition_skill_gaps"": [""SQL"", ""Power BI"", ""Python"", ""ETL"", ""Azure""], ""recommended_next_skills"": [""SQL"", ""Power BI"", ""Python"", ""ETL"", ""Azure""]}"
Data Engineer,Cloud Analytics Engineer,0.644,0.7,"[""SQL"", ""Power BI"", ""Python"", ""ETL"", ""Azure""]",career_transition,0.7,"{""metric_period"": ""2026-05"", ""transition_skill_gaps"": [""SQL"", ""Power BI"", ""Python"", ""ETL"", ""Azure""], ""recommended_next_skills"": [""SQL"", ""Power BI"", ""Python"", ""ETL"", ""Azure""]}"
Cloud Analytics Engineer,Data Architect,0.644,0.7,"[""SQL"", ""Power BI"", ""Python"", ""ETL"", ""Azure""]",career_transition,0.7,"{""metric_period"": ""2026-05"", ""transition_skill_gaps"": [""SQL"", ""Power BI"", ""Python"", ""ETL"", ""Azure""], ""recommended_next_skills"": [""SQL"", ""Power BI"", ""Python"", ""ETL"", ""Azure""]}"
Aprendiz en Desarrollo de Software,SETI S.A.S.,0.6167,0.6039,"[""Azure"", ""Oracle""]",Enterprise Analytics,0.32,"{""metric_period"": ""2026-05"", ""role_family"": ""Governance & Quality"", ""roles"": [""Aprendiz en Desarrollo de Software"", ""SETI S.A.S.""]}"
Ejecutivo Comercial TI,Venta Equipos SAS,0.6167,0.5969,"[""compliance"", ""comunicacion""]",Enterprise Analytics,0.54,"{""metric_period"": ""2026-05"", ""role_family"": ""AI Analytics"", ""roles"": [""Ejecutivo Comercial TI"", ""Venta Equipos SAS""]}"
Desarrollador Backend .NET Senior (hibrido),SETI S.A.S.,0.6167,0.5899,"[""Azure"", ""Oracle""]",Enterprise Analytics,0.3,"{""metric_period"": ""2026-05"", ""role_family"": ""Governance & Quality"", ""roles"": [""Desarrollador Backend .NET Senior (hibrido)"", ""SETI S.A.S.""]}"
Analista Funcional de Procesos de Software,SETI S.A.S.,0.6167,0.5829,"[""Azure"", ""Oracle""]",Enterprise Analytics,0.29,"{""metric_period"": ""2026-05"", ""role_family"": ""AI Analytics"", ""roles"": [""Analista Funcional de Procesos de Software"", ""SETI S.A.S.""]}"
Líder IA Generativa-GitHub Copilot-Bogotá,SETI S.A.S.,0.5667,0.5504,"[""Azure"", ""Oracle""]",Enterprise Analytics,0.29,"{""metric_period"": ""2026-05"", ""role_family"": ""AI Analytics"", ""roles"": [""Líder IA Generativa-GitHub Copilot-Bogotá"", ""SETI S.A.S.""]}"
Técnico de Soporte,UNIVERSITAS XXI SOLUCIONES Y TECNOLOGIA PARA LA UNIVERSIDAD DE COLOMBIA SAS,0.5524,0.5481,"[""AWS"", ""Oracle""]",Enterprise Analytics,0.3,"{""metric_period"": ""2026-05"", ""role_family"": ""BI & Visualization"", ""roles"": [""Técnico de Soporte"", ""UNIVERSITAS XXI SOLUCIONES Y TECNOLOGIA PARA LA UNIVERSIDAD DE COLOMBIA SAS""]}"
Técnico de Soporte,Soluciones en Bases de Datos,0.5333,0.5356,"[""security""]",Enterprise Analytics,0.3,"{""metric_period"": ""2026-05"", ""role_family"": ""BI & Visualization"", ""roles"": [""Técnico de Soporte"", ""Soluciones en Bases de Datos""]}"
Administrador Linux,SETI S.A.S.,0.5333,0.5356,"[""Azure""]",Enterprise Analytics,0.3,"{""metric_period"": ""2026-05"", ""role_family"": ""Governance & Quality"", ""roles"": [""Administrador Linux"", ""SETI S.A.S.""]}"
CS3 SAS,SETI S.A.S.,0.5333,0.5356,"[""Azure""]",Enterprise Analytics,0.3,"{""metric_period"": ""2026-05"", ""role_family"": ""Analytics Engineering"", ""roles"": [""CS3 SAS"", ""SETI S.A.S.""]}"
Administrador de Servidores de Aplicaciones,UNIVERSITAS XXI SOLUCIONES Y TECNOLOGIA PARA LA UNIVERSIDAD DE COLOMBIA SAS,0.5267,0.5594,"[""AWS"", ""Oracle""]",Enterprise Analytics,0.34,"{""metric_period"": ""2026-05"", ""role_family"": ""AI Analytics"", ""roles"": [""Administrador de Servidores de Aplicaciones"", ""UNIVERSITAS XXI SOLUCIONES Y TECNOLOGIA PARA LA UNIVERSIDAD DE COLOMBIA SAS""]}"
Indra Colombia LTDA,Ingeniero Preventa - Administrador de Plataforma,0.5267,0.5314,"[""Azure"", ""Python""]",Enterprise Analytics,0.53,"{""metric_period"": ""2026-05"", ""role_family"": ""AI Analytics"", ""roles"": [""Indra Colombia LTDA"", ""Ingeniero Preventa - Administrador de Plataforma""]}"
Indra Colombia LTDA,Administrador de Bases de Datos (DBA),0.5267,0.5314,"[""APIs"", ""Azure""]",Enterprise Analytics,0.53,"{""metric_period"": ""2026-05"", ""role_family"": ""AI Analytics"", ""roles"": [""Indra Colombia LTDA"", ""Administrador de Bases de Datos (DBA)""]}"
Ingeniero de Soporte Infraestructura Junior,SETI S.A.S.,0.5205,0.5203,"[""Azure""]",Cloud Analytics,0.29,"{""metric_period"": ""2026-05"", ""role_family"": ""Cloud Analytics"", ""roles"": [""Ingeniero de Soporte Infraestructura Junior"", ""SETI S.A.S.""]}"
Aprendiz en Desarrollo de Software,UNIVERSITAS XXI SOLUCIONES Y TECNOLOGIA PARA LA UNIVERSIDAD DE COLOMBIA SAS,0.5042,0.5307,"[""AWS"", ""Oracle""]",Enterprise Analytics,0.32,"{""metric_period"": ""2026-05"", ""role_family"": ""Governance & Quality"", ""roles"": [""Aprendiz en Desarrollo de Software"", ""UNIVERSITAS XXI SOLUCIONES Y TECNOLOGIA PARA LA UNIVERSIDAD DE COLOMBIA SAS""]}"
Analista Funcional de Procesos de Software,UNIVERSITAS XXI SOLUCIONES Y TECNOLOGIA PARA LA UNIVERSIDAD DE COLOMBIA SAS,0.5042,0.5097,"[""AWS"", ""Oracle""]",Enterprise Analytics,0.29,"{""metric_period"": ""2026-05"", ""role_family"": ""AI Analytics"", ""roles"": [""Analista Funcional de Procesos de Software"", ""UNIVERSITAS XXI SOLUCIONES Y TECNOLOGIA PARA LA UNIVERSIDAD DE COLOMBIA SAS""]}"
Ingeniero de Soporte Infraestructura Junior,UNIVERSITAS XXI SOLUCIONES Y TECNOLOGIA PARA LA UNIVERSIDAD DE COLOMBIA SAS,0.5033,0.5091,"[""AWS""]",Cloud Analytics,0.29,"{""metric_period"": ""2026-05"", ""role_family"": ""Cloud Analytics"", ""roles"": [""Ingeniero de Soporte Infraestructura Junior"", ""UNIVERSITAS XXI SOLUCIONES Y TECNOLOGIA PARA LA UNIVERSIDAD DE COLOMBIA SAS""]}"
Administrador de Aplicaciones (Oracle / WebLogic / Middleware),Venta Equipos SAS,0.4939,0.503,"[""compliance"", ""comunicacion""]",Enterprise Analytics,0.52,"{""metric_period"": ""2026-05"", ""role_family"": ""Cloud Analytics"", ""roles"": [""Administrador de Aplicaciones (Oracle / WebLogic / Middleware)"", ""Venta Equipos SAS""]}"
Administrador de Servidores de Aplicaciones,Soluciones en Bases de Datos,0.4833,0.5311,"[""security""]",Enterprise Analytics,0.34,"{""metric_period"": ""2026-05"", ""role_family"": ""AI Analytics"", ""roles"": [""Administrador de Servidores de Aplicaciones"", ""Soluciones en Bases de Datos""]}"
Ejecutivo Comercial TI,SETI S.A.S.,0.4433,0.4841,"[""Azure""]",Enterprise Analytics,0.31,"{""metric_period"": ""2026-05"", ""role_family"": ""AI Analytics"", ""roles"": [""Ejecutivo Comercial TI"", ""SETI S.A.S.""]}"
Indra Colombia LTDA,Confidencial2,0.4433,0.4771,"[""Azure""]",Enterprise Analytics,0.33,"{""metric_period"": ""2026-05"", ""role_family"": ""AI Analytics"", ""roles"": [""Indra Colombia LTDA"", ""Confidencial2""]}"
Indra Colombia LTDA,SETI S.A.S.,0.4433,0.4771,"[""Azure""]",Enterprise Analytics,0.3,"{""metric_period"": ""2026-05"", ""role_family"": ""AI Analytics"", ""roles"": [""Indra Colombia LTDA"", ""SETI S.A.S.""]}"
Técnico de Soporte,SETI S.A.S.,0.4433,0.4771,"[""Oracle""]",Enterprise Analytics,0.3,"{""metric_period"": ""2026-05"", ""role_family"": ""BI & Visualization"", ""roles"": [""Técnico de Soporte"", ""SETI S.A.S.""]}"
Ingeniero Preventa - Administrador de Plataforma,Soluciones en Bases de Datos,0.4433,0.4701,"[""security""]",Enterprise Analytics,0.29,"{""metric_period"": ""2026-05"", ""role_family"": ""BI & Visualization"", ""roles"": [""Ingeniero Preventa - Administrador de Plataforma"", ""Soluciones en Bases de Datos""]}"
Ingeniero de Soporte Infraestructura Junior,Soluciones en Bases de Datos,0.4433,0.4701,"[""security""]",Enterprise Analytics,0.29,"{""metric_period"": ""2026-05"", ""role_family"": ""Cloud Analytics"", ""roles"": [""Ingeniero de Soporte Infraestructura Junior"", ""Soluciones en Bases de Datos""]}"
Analista Funcional de Procesos de Software,Soluciones en Bases de Datos,0.4433,0.4701,"[""security""]",Enterprise Analytics,0.29,"{""metric_period"": ""2026-05"", ""role_family"": ""AI Analytics"", ""roles"": [""Analista Funcional de Procesos de Software"", ""Soluciones en Bases de Datos""]}"
SETI S.A.S.,UNIVERSITAS XXI SOLUCIONES Y TECNOLOGIA PARA LA UNIVERSIDAD DE COLOMBIA SAS,0.4133,0.2896,"[""Oracle""]",Cloud Analytics,0.06,"{""metric_period"": ""2026-05"", ""role_family"": ""Cloud Analytics"", ""roles"": [""SETI S.A.S."", ""UNIVERSITAS XXI SOLUCIONES Y TECNOLOGIA PARA LA UNIVERSIDAD DE COLOMBIA SAS""]}"
Administrador de Aplicaciones (Oracle / WebLogic / Middleware),Soluciones en Bases de Datos,0.4106,0.4489,"[""security""]",Enterprise Analytics,0.29,"{""metric_period"": ""2026-05"", ""role_family"": ""Cloud Analytics"", ""roles"": [""Administrador de Aplicaciones (Oracle / WebLogic / Middleware)"", ""Soluciones en Bases de Datos""]}"
Especialista IA,UNIVERSITAS XXI SOLUCIONES Y TECNOLOGIA PARA LA UNIVERSIDAD DE COLOMBIA SAS,0.4018,0.4432,"[""AWS""]",Cloud Analytics,0.29,"{""metric_period"": ""2026-05"", ""role_family"": ""Cloud Analytics"", ""roles"": [""Especialista IA"", ""UNIVERSITAS XXI SOLUCIONES Y TECNOLOGIA PARA LA UNIVERSIDAD DE COLOMBIA SAS""]}"
Indra Colombia LTDA,Administrador Linux,0.3833,0.4381,"[""Azure""]",Enterprise Analytics,0.54,"{""metric_period"": ""2026-05"", ""role_family"": ""AI Analytics"", ""roles"": [""Indra Colombia LTDA"", ""Administrador Linux""]}"
Desarrollador Backend .NET Senior (hibrido),UNIVERSITAS XXI SOLUCIONES Y TECNOLOGIA PARA LA UNIVERSIDAD DE COLOMBIA SAS,0.3784,0.435,"[""AWS"", ""Oracle""]",Enterprise Analytics,0.3,"{""metric_period"": ""2026-05"", ""role_family"": ""Governance & Quality"", ""roles"": [""Desarrollador Backend .NET Senior (hibrido)"", ""UNIVERSITAS XXI SOLUCIONES Y TECNOLOGIA PARA LA UNIVERSIDAD DE COLOMBIA SAS""]}"
Líder IA Generativa-GitHub Copilot-Bogotá,UNIVERSITAS XXI SOLUCIONES Y TECNOLOGIA PARA LA UNIVERSIDAD DE COLOMBIA SAS,0.3667,0.4204,"[""AWS"", ""Oracle""]",Enterprise Analytics,0.29,"{""metric_period"": ""2026-05"", ""role_family"": ""AI Analytics"", ""roles"": [""Líder IA Generativa-GitHub Copilot-Bogotá"", ""UNIVERSITAS XXI SOLUCIONES Y TECNOLOGIA PARA LA UNIVERSIDAD DE COLOMBIA SAS""]}"
19/05/2026 Atlántico,Soluciones en Bases de Datos,0.18,0.299,[],Enterprise Analytics,0.29,"{""metric_period"": ""2026-05"", ""role_family"": ""Enterprise Analytics"", ""roles"": [""19/05/2026 Atlántico"", ""Soluciones en Bases de Datos""]}"
"26/05/2026 Cundinamarca, Bogotá",Soluciones en Bases de Datos,0.18,0.299,[],Enterprise Analytics,0.29,"{""metric_period"": ""2026-05"", ""role_family"": ""Enterprise Analytics"", ""roles"": [""26/05/2026 Cundinamarca, Bogotá"", ""Soluciones en Bases de Datos""]}"
08/05/2026 A convenir Bogotá,Soluciones en Bases de Datos,0.18,0.299,[],Enterprise Analytics,0.29,"{""metric_period"": ""2026-05"", ""role_family"": ""Enterprise Analytics"", ""roles"": [""08/05/2026 A convenir Bogotá"", ""Soluciones en Bases de Datos""]}"
21/05/2026 Bogotá,Soluciones en Bases de Datos,0.18,0.299,[],Enterprise Analytics,0.29,"{""metric_period"": ""2026-05"", ""role_family"": ""Enterprise Analytics"", ""roles"": [""21/05/2026 Bogotá"", ""Soluciones en Bases de Datos""]}"
27/05/2026 Bogotá,Soluciones en Bases de Datos,0.18,0.299,[],Enterprise Analytics,0.29,"{""metric_period"": ""2026-05"", ""role_family"": ""Enterprise Analytics"", ""roles"": [""27/05/2026 Bogotá"", ""Soluciones en Bases de Datos""]}"
26/05/2026 Bogotá,Soluciones en Bases de Datos,0.18,0.299,[],Enterprise Analytics,0.29,"{""metric_period"": ""2026-05"", ""role_family"": ""Enterprise Analytics"", ""roles"": [""26/05/2026 Bogotá"", ""Soluciones en Bases de Datos""]}"
20/05/2026 Bogotá,Soluciones en Bases de Datos,0.18,0.299,[],Enterprise Analytics,0.29,"{""metric_period"": ""2026-05"", ""role_family"": ""Enterprise Analytics"", ""roles"": [""20/05/2026 Bogotá"", ""Soluciones en Bases de Datos""]}"
19/05/2026 Atlántico,empleos encontrados,0.18,0.299,[],Enterprise Analytics,0.27,"{""metric_period"": ""2026-05"", ""role_family"": ""Enterprise Analytics"", ""roles"": [""19/05/2026 Atlántico"", ""empleos encontrados""]}"
19/05/2026 Atlántico,"6,500,000 - 7,000,000",0.18,0.299,[],Enterprise Analytics,0.27,"{""metric_period"": ""2026-05"", ""role_family"": ""Enterprise Analytics"", ""roles"": [""19/05/2026 Atlántico"", ""6,500,000 - 7,000,000""]}"
"26/05/2026 Cundinamarca, Bogotá",empleos encontrados,0.18,0.299,[],Enterprise Analytics,0.27,"{""metric_period"": ""2026-05"", ""role_family"": ""Enterprise Analytics"", ""roles"": [""26/05/2026 Cundinamarca, Bogotá"", ""empleos encontrados""]}"
"26/05/2026 Cundinamarca, Bogotá","6,500,000 - 7,000,000",0.18,0.299,[],Enterprise Analytics,0.27,"{""metric_period"": ""2026-05"", ""role_family"": ""Enterprise Analytics"", ""roles"": [""26/05/2026 Cundinamarca, Bogotá"", ""6,500,000 - 7,000,000""]}"
08/05/2026 A convenir Bogotá,empleos encontrados,0.18,0.299,[],Enterprise Analytics,0.27,"{""metric_period"": ""2026-05"", ""role_family"": ""Enterprise Analytics"", ""roles"": [""08/05/2026 A convenir Bogotá"", ""empleos encontrados""]}"
08/05/2026 A convenir Bogotá,"6,500,000 - 7,000,000",0.18,0.299,[],Enterprise Analytics,0.27,"{""metric_period"": ""2026-05"", ""role_family"": ""Enterprise Analytics"", ""roles"": [""08/05/2026 A convenir Bogotá"", ""6,500,000 - 7,000,000""]}"
21/05/2026 Bogotá,empleos encontrados,0.18,0.299,[],Enterprise Analytics,0.27,"{""metric_period"": ""2026-05"", ""role_family"": ""Enterprise Analytics"", ""roles"": [""21/05/2026 Bogotá"", ""empleos encontrados""]}"
21/05/2026 Bogotá,"6,500,000 - 7,000,000",0.18,0.299,[],Enterprise Analytics,0.27,"{""metric_period"": ""2026-05"", ""role_family"": ""Enterprise Analytics"", ""roles"": [""21/05/2026 Bogotá"", ""6,500,000 - 7,000,000""]}"
27/05/2026 Bogotá,empleos encontrados,0.18,0.299,[],Enterprise Analytics,0.27,"{""metric_period"": ""2026-05"", ""role_family"": ""Enterprise Analytics"", ""roles"": [""27/05/2026 Bogotá"", ""empleos encontrados""]}"
27/05/2026 Bogotá,"6,500,000 - 7,000,000",0.18,0.299,[],Enterprise Analytics,0.27,"{""metric_period"": ""2026-05"", ""role_family"": ""Enterprise Analytics"", ""roles"": [""27/05/2026 Bogotá"", ""6,500,000 - 7,000,000""]}"
26/05/2026 Bogotá,empleos encontrados,0.18,0.299,[],Enterprise Analytics,0.27,"{""metric_period"": ""2026-05"", ""role_family"": ""Enterprise Analytics"", ""roles"": [""26/05/2026 Bogotá"", ""empleos encontrados""]}"
26/05/2026 Bogotá,"6,500,000 - 7,000,000",0.18,0.299,[],Enterprise Analytics,0.27,"{""metric_period"": ""2026-05"", ""role_family"": ""Enterprise Analytics"", ""roles"": [""26/05/2026 Bogotá"", ""6,500,000 - 7,000,000""]}"
20/05/2026 Bogotá,empleos encontrados,0.18,0.299,[],Enterprise Analytics,0.27,"{""metric_period"": ""2026-05"", ""role_family"": ""Enterprise Analytics"", ""roles"": [""20/05/2026 Bogotá"", ""empleos encontrados""]}"
20/05/2026 Bogotá,"6,500,000 - 7,000,000",0.18,0.299,[],Enterprise Analytics,0.27,"{""metric_period"": ""2026-05"", ""role_family"": ""Enterprise Analytics"", ""roles"": [""20/05/2026 Bogotá"", ""6,500,000 - 7,000,000""]}"
Soluciones en Bases de Datos,empleos encontrados,0.18,0.138,[],Enterprise Analytics,0.04,"{""metric_period"": ""2026-05"", ""role_family"": ""Enterprise Analytics"", ""roles"": [""Soluciones en Bases de Datos"", ""empleos encontrados""]}"
Soluciones en Bases de Datos,"6,500,000 - 7,000,000",0.18,0.138,[],Enterprise Analytics,0.04,"{""metric_period"": ""2026-05"", ""role_family"": ""Enterprise Analytics"", ""roles"": [""Soluciones en Bases de Datos"", ""6,500,000 - 7,000,000""]}"
empleos encontrados,"6,500,000 - 7,000,000",0.18,0.124,[],Enterprise Analytics,0.02,"{""metric_period"": ""2026-05"", ""role_family"": ""Enterprise Analytics"", ""roles"": [""empleos encontrados"", ""6,500,000 - 7,000,000""]}"
