specialization_id,specialization_name,text,skill,occupational_cluster,job_relevance_label,skill_coverage_label,occupational_affinity_label,market_weight,evidence_count,affinity_score,gold_count,silver_count,bronze_count,taxonomy_count,source_confidence_score,curriculum_overlap_score,market_frequency_score,cluster_centrality_score,recommendation_candidate,job_relevance_soft_label,skill_coverage_soft_label,training_weight,probabilistic_confidence
visual-analytics-big-data,Especialización en Visual Analytics y Big Data,Python Enterprise Analytics high Administrador de Aplicaciones (Oracle / WebLogic / Middleware) Administrador de Aplicaciones (Oracle / WebLogic / Middleware) 100% Remoto Administrador de Plataformas Analista Funcional de Procesos de Software Analista Funcional de Procesos de Software Híbrido Analista de Proyectos Aprendiz en Desarrollo de Software Desarrollador Backend .NET Senior (hibrido) Skill presente directamente en microcurriculos o perfil curricular. Mantener cobertura curricular y fortalecer evidencia evaluable si el mercado confirma frecuencia alta.,Python,Enterprise Analytics,highly_relevant,covered,Enterprise Analytics,139.1,282,0.82,1,100,100,81,1.0,0.82,1.0,1.0,0,1.0,1.0,1.0,1.0
visual-analytics-big-data,Especialización en Visual Analytics y Big Data,SQL Enterprise Analytics high Administrador de Aplicaciones (Oracle / WebLogic / Middleware) Administrador de Aplicaciones (Oracle / WebLogic / Middleware) 100% Remoto Administrador de Bases de Datos (DBA) Administrador de Bases de Datos (DBA) Híbrido Analista de Proyectos CS3 SAS Desarrollador Frontend Desarrollador FullStack Skill presente directamente en microcurriculos o perfil curricular. Mantener cobertura curricular y fortalecer evidencia evaluable si el mercado confirma frecuencia alta.,SQL,Enterprise Analytics,highly_relevant,covered,Enterprise Analytics,89.7,204,0.82,0,63,63,78,1.0,0.82,0.6449,1.0,0,1.0,1.0,1.0,1.0
visual-analytics-big-data,Especialización en Visual Analytics y Big Data,comunicacion Enterprise Analytics weak Administrador Linux Administrador Linux Híbrido Administrador de Aplicaciones (Oracle / WebLogic / Middleware) Administrador de Aplicaciones (Oracle / WebLogic / Middleware) 100% Remoto Administrador de Bases de Datos (DBA) Administrador de Bases de Datos (DBA) Híbrido Administrador de Plataformas Administrador de Plataformas de Virtualización Skill con baja relacion semantica frente al grafo curricular de la especializacion. No priorizar curricularmente por baja afinidad o evidencia debil.,comunicacion,Enterprise Analytics,weak_signal,irrelevant,Enterprise Analytics,79.4,206,0.08,0,0,147,59,1.0,0.08,0.5708,1.0,0,0.158,0.0,0.6632,0.4106
visual-analytics-big-data,Especialización en Visual Analytics y Big Data,dashboarding BI & Visualization high Administrador de Aplicaciones (Oracle / WebLogic / Middleware) Administrador de Aplicaciones (Oracle / WebLogic / Middleware) 100% Remoto Administrador de Plataformas Aprendiz en Desarrollo de Software Desarrollador Backend .NET Senior (hibrido) Desarrollador Backend .NET Senior (hibrido) Híbrido Desarrollador Java Desarrollador Java 100% Remoto Skill presente directamente en microcurriculos o perfil curricular. Mantener cobertura curricular y fortalecer evidencia evaluable si el mercado confirma frecuencia alta.,dashboarding,BI & Visualization,highly_relevant,covered,BI & Visualization,75.9,156,0.82,1,54,54,47,1.0,0.82,0.5457,1.0,0,1.0,1.0,1.0,1.0
visual-analytics-big-data,Especialización en Visual Analytics y Big Data,KPIs Reporting & KPI high Administrador Linux Administrador Linux Híbrido Administrador de Plataformas Administrador de Servidores de Aplicaciones Analista de Proyectos Confidencial2 Desarrollador Backend .NET Senior (hibrido) Desarrollador Backend .NET Senior (hibrido) Híbrido Skill presente directamente en microcurriculos o perfil curricular. Mantener cobertura curricular y fortalecer evidencia evaluable si el mercado confirma frecuencia alta.,KPIs,Reporting & KPI,highly_relevant,covered,Reporting & KPI,72.4,187,0.82,1,48,48,90,1.0,0.82,0.5205,1.0,0,1.0,1.0,1.0,1.0
visual-analytics-big-data,Especialización en Visual Analytics y Big Data,security Enterprise Analytics weak Administrador Linux Administrador Linux Híbrido Administrador de Aplicaciones (Oracle / WebLogic / Middleware) Administrador de Aplicaciones (Oracle / WebLogic / Middleware) 100% Remoto Administrador de Bases de Datos (DBA) Administrador de Bases de Datos (DBA) Híbrido Administrador de Plataformas Administrador de Plataformas de Virtualización Skill con baja relacion semantica frente al grafo curricular de la especializacion. No priorizar curricularmente por baja afinidad o evidencia debil.,security,Enterprise Analytics,weak_signal,irrelevant,Enterprise Analytics,71.6,160,0.08,0,0,139,21,1.0,0.08,0.5147,1.0,0,0.158,0.0,0.6632,0.4106
visual-analytics-big-data,Especialización en Visual Analytics y Big Data,"Azure Cloud Analytics weak Administrador Linux Administrador Linux Híbrido Administrador de Aplicaciones (Oracle / WebLogic / Middleware) Administrador de Aplicaciones (Oracle / WebLogic / Middleware) 100% Remoto Administrador de Bases de Datos (DBA) Administrador de Bases de Datos (DBA) Híbrido Administrador de Plataformas Administrador de Servidores de Aplicaciones Skill laboral relevante para el ecosistema de Visual Analytics y Big Data, pero sin cobertura curricular directa. No priorizar curricularmente por baja afinidad o evidencia debil.",Azure,Cloud Analytics,weak_signal,irrelevant,Cloud Analytics,71.1,171,0.55,0,0,135,36,1.0,0.55,0.5111,1.0,0,0.205,0.0,0.682,0.4435
visual-analytics-big-data,Especialización en Visual Analytics y Big Data,"AWS Cloud Analytics weak Administrador Linux Administrador Linux Híbrido Administrador de Aplicaciones (Oracle / WebLogic / Middleware) Administrador de Aplicaciones (Oracle / WebLogic / Middleware) 100% Remoto Administrador de Bases de Datos (DBA) Administrador de Bases de Datos (DBA) Híbrido Administrador de Plataformas Administrador de Plataformas de Virtualización Skill laboral relevante para el ecosistema de Visual Analytics y Big Data, pero sin cobertura curricular directa. No priorizar curricularmente por baja afinidad o evidencia debil.",AWS,Cloud Analytics,weak_signal,irrelevant,Cloud Analytics,69.3,165,0.55,0,0,132,33,1.0,0.55,0.4982,1.0,0,0.205,0.0,0.682,0.4435
visual-analytics-big-data,Especialización en Visual Analytics y Big Data,AI AI Analytics high Analista Funcional de Procesos de Software Analista Funcional de Procesos de Software Híbrido Analista de Proyectos Crea tu cuenta de empresa Desarrollador Backend .NET Senior (hibrido) Desarrollador Backend .NET Senior (hibrido) Híbrido Especialista IA Especialista IA Híbrido Skill presente directamente en microcurriculos o perfil curricular. Mantener cobertura curricular y fortalecer evidencia evaluable si el mercado confirma frecuencia alta.,AI,AI Analytics,highly_relevant,covered,AI Analytics,63.0,177,0.82,1,40,41,95,1.0,0.82,0.4529,1.0,0,1.0,1.0,1.0,1.0
visual-analytics-big-data,Especialización en Visual Analytics y Big Data,APIs Software/Data Platform weak Acceso reclutador Administrador de Aplicaciones (Oracle / WebLogic / Middleware) Administrador de Aplicaciones (Oracle / WebLogic / Middleware) 100% Remoto Administrador de Bases de Datos (DBA) Administrador de Bases de Datos (DBA) Híbrido Administrador de Plataformas de Virtualización Analista Funcional de Procesos de Software Analista Funcional de Procesos de Software Híbrido Skill relacionada semanticamente con competencias o herramientas curriculares. Profundizar APIs como capacidad aplicada dentro del cluster Software/Data Platform.,APIs,Software/Data Platform,partially_relevant,partial,Software/Data Platform,61.1,151,0.75,0,0,115,36,1.0,0.75,0.4393,1.0,1,0.545,0.62,0.818,0.6815
visual-analytics-big-data,Especialización en Visual Analytics y Big Data,data governance Data Governance high Administrador Linux Administrador Linux Híbrido Administrador de Servidores de Aplicaciones Aprendiz en Desarrollo de Software Desarrollador Backend .NET Senior (hibrido) Desarrollador Backend .NET Senior (hibrido) Híbrido Desarrollador FullStack Ingeniero de Infraestructura Cloud y OnPremise (AWS) Skill presente directamente en microcurriculos o perfil curricular. Mantener cobertura curricular y fortalecer evidencia evaluable si el mercado confirma frecuencia alta.,data governance,Data Governance,highly_relevant,covered,Data Governance,56.8,108,0.82,1,41,41,25,1.0,0.82,0.4083,1.0,0,1.0,1.0,1.0,1.0
visual-analytics-big-data,Especialización en Visual Analytics y Big Data,BI Reporting & KPI high Administrador Linux Administrador Linux Híbrido Administrador de Plataformas Administrador de Servidores de Aplicaciones Analista de Proyectos Aprendiz en Desarrollo de Software Desarrollador Backend .NET Senior (hibrido) Desarrollador Backend .NET Senior (hibrido) Híbrido Skill presente directamente en microcurriculos o perfil curricular. Mantener cobertura curricular y fortalecer evidencia evaluable si el mercado confirma frecuencia alta.,BI,Reporting & KPI,highly_relevant,covered,Reporting & KPI,55.0,100,0.82,1,63,0,36,1.0,0.82,0.3954,1.0,0,1.0,1.0,1.0,1.0
visual-analytics-big-data,Especialización en Visual Analytics y Big Data,Oracle Enterprise Analytics weak Administrador de Aplicaciones (Oracle / WebLogic / Middleware) Administrador de Aplicaciones (Oracle / WebLogic / Middleware) 100% Remoto Administrador de Bases de Datos (DBA) Administrador de Bases de Datos (DBA) Híbrido Administrador de Plataformas de Virtualización Administrador de Servidores de Aplicaciones Analista Funcional de Procesos de Software Analista Funcional de Procesos de Software Híbrido Skill con baja relacion semantica frente al grafo curricular de la especializacion. No priorizar curricularmente por baja afinidad o evidencia debil.,Oracle,Enterprise Analytics,weak_signal,irrelevant,Enterprise Analytics,54.4,132,0.08,0,0,103,29,1.0,0.08,0.3911,1.0,0,0.158,0.0,0.6632,0.4106
visual-analytics-big-data,Especialización en Visual Analytics y Big Data,trabajo en equipo Enterprise Analytics weak Administrador Linux Administrador Linux Híbrido Administrador de Bases de Datos (DBA) Administrador de Bases de Datos (DBA) Híbrido Administrador de Plataformas Administrador de Plataformas de Virtualización Analista Funcional de Procesos de Software Analista Funcional de Procesos de Software Híbrido Skill con baja relacion semantica frente al grafo curricular de la especializacion. No priorizar curricularmente por baja afinidad o evidencia debil.,trabajo en equipo,Enterprise Analytics,weak_signal,irrelevant,Enterprise Analytics,53.3,145,0.08,0,0,97,48,1.0,0.08,0.3832,1.0,0,0.158,0.0,0.6632,0.4106
visual-analytics-big-data,Especialización en Visual Analytics y Big Data,machine learning AI Analytics high Analista Funcional de Procesos de Software Analista Funcional de Procesos de Software Híbrido Analista de Proyectos Desarrollador Backend .NET Senior (hibrido) Desarrollador Backend .NET Senior (hibrido) Híbrido Especialista IA Especialista IA Híbrido Indra Colombia LTDA Skill presente directamente en microcurriculos o perfil curricular. Mantener cobertura curricular y fortalecer evidencia evaluable si el mercado confirma frecuencia alta.,machine learning,AI Analytics,highly_relevant,covered,AI Analytics,52.6,143,0.82,1,34,34,74,1.0,0.82,0.3781,1.0,0,1.0,1.0,1.0,1.0
visual-analytics-big-data,Especialización en Visual Analytics y Big Data,"compliance AI Analytics weak Administrador Linux Administrador Linux Híbrido Administrador de Aplicaciones (Oracle / WebLogic / Middleware) Administrador de Aplicaciones (Oracle / WebLogic / Middleware) 100% Remoto Administrador de Bases de Datos (DBA) Administrador de Bases de Datos (DBA) Híbrido Administrador de Plataformas Administrador de Plataformas de Virtualización Skill laboral relevante para el ecosistema de Visual Analytics y Big Data, pero sin cobertura curricular directa. No priorizar curricularmente por baja afinidad o evidencia debil.",compliance,AI Analytics,weak_signal,irrelevant,AI Analytics,48.8,112,0.48,0,0,94,18,1.0,0.48,0.3508,1.0,0,0.198,0.0,0.6792,0.4386
visual-analytics-big-data,Especialización en Visual Analytics y Big Data,"reporting Reporting & KPI weak Administrador Linux Administrador Linux Híbrido Administrador de Plataformas Administrador de Servidores de Aplicaciones Analista Funcional de Procesos de Software Analista Funcional de Procesos de Software Híbrido Analista de Proyectos Aprendiz en Desarrollo de Software Skill laboral relevante para el ecosistema de Visual Analytics y Big Data, pero sin cobertura curricular directa. No priorizar curricularmente por baja afinidad o evidencia debil.",reporting,Reporting & KPI,weak_signal,irrelevant,Reporting & KPI,48.2,142,0.48,0,0,85,57,1.0,0.48,0.3465,1.0,0,0.198,0.0,0.6792,0.4386
visual-analytics-big-data,Especialización en Visual Analytics y Big Data,liderazgo Enterprise Analytics weak Administrador de Aplicaciones (Oracle / WebLogic / Middleware) Administrador de Aplicaciones (Oracle / WebLogic / Middleware) 100% Remoto Administrador de Plataformas Analista Funcional de Procesos de Software Analista Funcional de Procesos de Software Híbrido Analista de Proyectos Aprendiz en Desarrollo de Software Desarrollador Backend .NET Senior (hibrido) Skill con baja relacion semantica frente al grafo curricular de la especializacion. No priorizar curricularmente por baja afinidad o evidencia debil.,liderazgo,Enterprise Analytics,weak_signal,irrelevant,Enterprise Analytics,46.4,124,0.08,0,0,85,39,1.0,0.08,0.3336,1.0,0,0.158,0.0,0.6632,0.4106
visual-analytics-big-data,Especialización en Visual Analytics y Big Data,Agile Enterprise Analytics weak Administrador de Aplicaciones (Oracle / WebLogic / Middleware) Administrador de Aplicaciones (Oracle / WebLogic / Middleware) 100% Remoto Administrador de Plataformas Analista Funcional de Procesos de Software Analista Funcional de Procesos de Software Híbrido Analista de Proyectos Aprendiz en Desarrollo de Software Desarrollador Backend .NET Senior (hibrido) Skill con baja relacion semantica frente al grafo curricular de la especializacion. No priorizar curricularmente por baja afinidad o evidencia debil.,Agile,Enterprise Analytics,weak_signal,irrelevant,Enterprise Analytics,44.2,146,0.08,0,0,74,72,1.0,0.08,0.3178,1.0,0,0.158,0.0,0.6632,0.4106
visual-analytics-big-data,Especialización en Visual Analytics y Big Data,resolucion de problemas Enterprise Analytics weak Administrador Linux Administrador Linux Híbrido Administrador de Bases de Datos (DBA) Administrador de Bases de Datos (DBA) Híbrido Administrador de Plataformas Administrador de Plataformas de Virtualización Analista de Proyectos CS3 SAS Skill con baja relacion semantica frente al grafo curricular de la especializacion. No priorizar curricularmente por baja afinidad o evidencia debil.,resolucion de problemas,Enterprise Analytics,weak_signal,irrelevant,Enterprise Analytics,40.0,100,0.08,0,0,75,25,1.0,0.08,0.2876,1.0,0,0.158,0.0,0.6632,0.4106
visual-analytics-big-data,Especialización en Visual Analytics y Big Data,gestion de stakeholders Enterprise Analytics weak Administrador de Aplicaciones (Oracle / WebLogic / Middleware) Administrador de Aplicaciones (Oracle / WebLogic / Middleware) 100% Remoto Administrador de Plataformas Analista Funcional de Procesos de Software Analista Funcional de Procesos de Software Híbrido Aprendiz en Desarrollo de Software Desarrollador Frontend Desarrollador FullStack Skill con baja relacion semantica frente al grafo curricular de la especializacion. No priorizar curricularmente por baja afinidad o evidencia debil.,gestion de stakeholders,Enterprise Analytics,weak_signal,irrelevant,Enterprise Analytics,39.4,106,0.08,0,0,72,34,1.0,0.08,0.2832,1.0,0,0.158,0.0,0.6632,0.4106
visual-analytics-big-data,Especialización en Visual Analytics y Big Data,Power BI BI & Visualization high Administrador de Plataformas Analista de Proyectos Ingeniero Preventa - Administrador de Plataforma Ingeniero de Soporte Infraestructura Junior Técnico de Soporte Venta Equipos SAS Skill presente directamente en microcurriculos o perfil curricular. Mantener cobertura curricular y fortalecer evidencia evaluable si el mercado confirma frecuencia alta.,Power BI,BI & Visualization,highly_relevant,covered,BI & Visualization,35.0,108,0.82,0,22,22,64,1.0,0.82,0.2516,1.0,0,1.0,1.0,1.0,1.0
visual-analytics-big-data,Especialización en Visual Analytics y Big Data,ETL Data Engineering high Administrador de Bases de Datos (DBA) Administrador de Bases de Datos (DBA) Híbrido CS3 SAS Desarrollador FullStack Ingeniero de Soporte Infraestructura Junior Skill presente directamente en microcurriculos o perfil curricular. Mantener cobertura curricular y fortalecer evidencia evaluable si el mercado confirma frecuencia alta.,ETL,Data Engineering,highly_relevant,covered,Data Engineering,34.5,92,0.82,0,23,23,46,1.0,0.82,0.248,1.0,0,1.0,1.0,1.0,1.0
visual-analytics-big-data,Especialización en Visual Analytics y Big Data,"pipelines Data Engineering weak Administrador de Aplicaciones (Oracle / WebLogic / Middleware) Administrador de Aplicaciones (Oracle / WebLogic / Middleware) 100% Remoto Administrador de Plataformas Aprendiz en Desarrollo de Software Desarrollador Backend .NET Senior (hibrido) Desarrollador Backend .NET Senior (hibrido) Híbrido Desarrollador Frontend Desarrollador Java Skill laboral relevante para el ecosistema de Visual Analytics y Big Data, pero sin cobertura curricular directa. No priorizar curricularmente por baja afinidad o evidencia debil.",pipelines,Data Engineering,weak_signal,irrelevant,Data Engineering,31.3,73,0.48,0,0,60,13,1.0,0.48,0.225,1.0,0,0.198,0.0,0.6792,0.4386
visual-analytics-big-data,Especialización en Visual Analytics y Big Data,"GCP Cloud Analytics weak Administrador de Aplicaciones (Oracle / WebLogic / Middleware) Administrador de Aplicaciones (Oracle / WebLogic / Middleware) 100% Remoto Administrador de Plataformas Aprendiz en Desarrollo de Software Desarrollador Backend .NET Senior (hibrido) Desarrollador Backend .NET Senior (hibrido) Híbrido Desarrollador Java Desarrollador Java 100% Remoto Skill laboral relevante para el ecosistema de Visual Analytics y Big Data, pero sin cobertura curricular directa. No priorizar curricularmente por baja afinidad o evidencia debil.",GCP,Cloud Analytics,weak_signal,irrelevant,Cloud Analytics,29.1,75,0.55,0,0,54,21,1.0,0.55,0.2092,1.0,0,0.205,0.0,0.682,0.4435
visual-analytics-big-data,Especialización en Visual Analytics y Big Data,privacy Enterprise Analytics weak Administrador de Aplicaciones (Oracle / WebLogic / Middleware) Administrador de Aplicaciones (Oracle / WebLogic / Middleware) 100% Remoto Administrador de Plataformas Aprendiz en Desarrollo de Software Desarrollador Backend .NET Senior (hibrido) Desarrollador Backend .NET Senior (hibrido) Híbrido Desarrollador Java Desarrollador Java 100% Remoto Skill con baja relacion semantica frente al grafo curricular de la especializacion. No priorizar curricularmente por baja afinidad o evidencia debil.,privacy,Enterprise Analytics,weak_signal,irrelevant,Enterprise Analytics,25.0,50,0.08,0,0,50,0,1.0,0.08,0.1797,0.7463,0,0.158,0.0,0.6632,0.4106
visual-analytics-big-data,Especialización en Visual Analytics y Big Data,ITIL Enterprise Analytics weak Administrador Linux Administrador Linux Híbrido Administrador de Bases de Datos (DBA) Administrador de Bases de Datos (DBA) Híbrido Administrador de Plataformas Administrador de Plataformas de Virtualización Analista de Proyectos Ingeniero Preventa - Administrador de Plataforma Skill con baja relacion semantica frente al grafo curricular de la especializacion. No priorizar curricularmente por baja afinidad o evidencia debil.,ITIL,Enterprise Analytics,weak_signal,irrelevant,Enterprise Analytics,24.6,66,0.08,0,0,45,21,1.0,0.08,0.1769,0.9851,0,0.158,0.0,0.6632,0.4106
visual-analytics-big-data,Especialización en Visual Analytics y Big Data,Scrum Enterprise Analytics weak Analista Funcional de Procesos de Software Analista Funcional de Procesos de Software Híbrido Analista de Proyectos Desarrollador Backend .NET Senior (hibrido) Desarrollador Backend .NET Senior (hibrido) Híbrido Especialista IA Especialista IA Híbrido Indra Colombia LTDA Skill con baja relacion semantica frente al grafo curricular de la especializacion. No priorizar curricularmente por baja afinidad o evidencia debil.,Scrum,Enterprise Analytics,weak_signal,irrelevant,Enterprise Analytics,24.2,98,0.08,0,0,36,62,1.0,0.08,0.174,1.0,0,0.158,0.0,0.6632,0.4106
visual-analytics-big-data,Especialización en Visual Analytics y Big Data,MongoDB Enterprise Analytics weak Administrador de Bases de Datos (DBA) Administrador de Bases de Datos (DBA) Híbrido Aprendiz en Desarrollo de Software CS3 SAS Desarrollador Frontend Desarrollador FullStack Ingeniero de Soporte Infraestructura Junior Skill con baja relacion semantica frente al grafo curricular de la especializacion. No priorizar curricularmente por baja afinidad o evidencia debil.,MongoDB,Enterprise Analytics,weak_signal,irrelevant,Enterprise Analytics,19.1,47,0.08,0,0,36,11,1.0,0.08,0.1373,0.7015,0,0.158,0.0,0.6632,0.4106
visual-analytics-big-data,Especialización en Visual Analytics y Big Data,ELT Enterprise Analytics weak Analista Funcional de Procesos de Software Analista Funcional de Procesos de Software Híbrido Analista de Proyectos Desarrollador Backend .NET Senior (hibrido) Desarrollador Backend .NET Senior (hibrido) Híbrido Especialista IA Especialista IA Híbrido Indra Colombia LTDA Skill con baja relacion semantica frente al grafo curricular de la especializacion. No priorizar curricularmente por baja afinidad o evidencia debil.,ELT,Enterprise Analytics,weak_signal,irrelevant,Enterprise Analytics,18.4,48,0.08,0,0,34,14,1.0,0.08,0.1323,0.7164,0,0.158,0.0,0.6632,0.4106
visual-analytics-big-data,Especialización en Visual Analytics y Big Data,pandas Enterprise Analytics weak Analista Funcional de Procesos de Software Analista Funcional de Procesos de Software Híbrido Analista de Proyectos Desarrollador Backend .NET Senior (hibrido) Desarrollador Backend .NET Senior (hibrido) Híbrido Especialista IA Especialista IA Híbrido Indra Colombia LTDA Skill con baja relacion semantica frente al grafo curricular de la especializacion. No priorizar curricularmente por baja afinidad o evidencia debil.,pandas,Enterprise Analytics,weak_signal,irrelevant,Enterprise Analytics,17.8,42,0.08,0,0,34,8,1.0,0.08,0.128,0.6269,0,0.158,0.0,0.6632,0.4106
visual-analytics-big-data,Especialización en Visual Analytics y Big Data,Kanban Enterprise Analytics weak Analista Funcional de Procesos de Software Analista Funcional de Procesos de Software Híbrido Analista de Proyectos Desarrollador Backend .NET Senior (hibrido) Desarrollador Backend .NET Senior (hibrido) Híbrido Especialista IA Especialista IA Híbrido Indra Colombia LTDA Skill con baja relacion semantica frente al grafo curricular de la especializacion. No priorizar curricularmente por baja afinidad o evidencia debil.,Kanban,Enterprise Analytics,weak_signal,irrelevant,Enterprise Analytics,17.8,42,0.08,0,0,34,8,1.0,0.08,0.128,0.6269,0,0.158,0.0,0.6632,0.4106
visual-analytics-big-data,Especialización en Visual Analytics y Big Data,ingles Enterprise Analytics weak Aprendiz en Desarrollo de Software Desarrollador Backend .NET Senior (hibrido) Desarrollador Frontend Desarrollador FullStack Líder IA Generativa-GitHub Copilot-Bogotá SETI S.A.S. TICXAR S.A.S Skill con baja relacion semantica frente al grafo curricular de la especializacion. No priorizar curricularmente por baja afinidad o evidencia debil.,ingles,Enterprise Analytics,weak_signal,irrelevant,Enterprise Analytics,17.5,67,0.08,0,0,27,40,1.0,0.08,0.1258,1.0,0,0.158,0.0,0.6632,0.4106
visual-analytics-big-data,Especialización en Visual Analytics y Big Data,scikit-learn Enterprise Analytics weak Analista Funcional de Procesos de Software Analista Funcional de Procesos de Software Híbrido Analista de Proyectos Desarrollador Backend .NET Senior (hibrido) Desarrollador Backend .NET Senior (hibrido) Híbrido Especialista IA Especialista IA Híbrido Indra Colombia LTDA Skill con baja relacion semantica frente al grafo curricular de la especializacion. No priorizar curricularmente por baja afinidad o evidencia debil.,scikit-learn,Enterprise Analytics,weak_signal,irrelevant,Enterprise Analytics,17.5,39,0.08,0,0,34,5,1.0,0.08,0.1258,0.5821,0,0.158,0.0,0.6632,0.4106
visual-analytics-big-data,Especialización en Visual Analytics y Big Data,MLflow Enterprise Analytics weak Analista Funcional de Procesos de Software Analista Funcional de Procesos de Software Híbrido Analista de Proyectos Desarrollador Backend .NET Senior (hibrido) Desarrollador Backend .NET Senior (hibrido) Híbrido Especialista IA Especialista IA Híbrido Indra Colombia LTDA Skill con baja relacion semantica frente al grafo curricular de la especializacion. No priorizar curricularmente por baja afinidad o evidencia debil.,MLflow,Enterprise Analytics,weak_signal,irrelevant,Enterprise Analytics,17.5,39,0.08,0,0,34,5,1.0,0.08,0.1258,0.5821,0,0.158,0.0,0.6632,0.4106
visual-analytics-big-data,Especialización en Visual Analytics y Big Data,PostgreSQL Enterprise Analytics weak Administrador de Bases de Datos (DBA) Administrador de Bases de Datos (DBA) Híbrido Desarrollador FullStack Líder IA Generativa-GitHub Copilot-Bogotá SETI S.A.S. Skill con baja relacion semantica frente al grafo curricular de la especializacion. No priorizar curricularmente por baja afinidad o evidencia debil.,PostgreSQL,Enterprise Analytics,weak_signal,irrelevant,Enterprise Analytics,15.5,43,0.08,0,0,28,15,1.0,0.08,0.1114,0.6418,0,0.158,0.0,0.6632,0.4106
visual-analytics-big-data,Especialización en Visual Analytics y Big Data,Redis Enterprise Analytics weak Administrador de Bases de Datos (DBA) Administrador de Bases de Datos (DBA) Híbrido Desarrollador FullStack Líder IA Generativa-GitHub Copilot-Bogotá SETI S.A.S. Skill con baja relacion semantica frente al grafo curricular de la especializacion. No priorizar curricularmente por baja afinidad o evidencia debil.,Redis,Enterprise Analytics,weak_signal,irrelevant,Enterprise Analytics,14.8,36,0.08,0,0,28,8,1.0,0.08,0.1064,0.5373,0,0.158,0.0,0.6632,0.4106
visual-analytics-big-data,Especialización en Visual Analytics y Big Data,SQL Server Enterprise Analytics weak Administrador de Bases de Datos (DBA) Administrador de Bases de Datos (DBA) Híbrido CS3 SAS Desarrollador FullStack Ingeniero de Soporte Infraestructura Junior Skill con baja relacion semantica frente al grafo curricular de la especializacion. No priorizar curricularmente por baja afinidad o evidencia debil.,SQL Server,Enterprise Analytics,weak_signal,irrelevant,Enterprise Analytics,13.9,47,0.08,0,0,23,24,1.0,0.08,0.0999,0.7015,0,0.158,0.0,0.6632,0.4106
visual-analytics-big-data,Especialización en Visual Analytics y Big Data,SSIS Enterprise Analytics weak Administrador de Bases de Datos (DBA) Administrador de Bases de Datos (DBA) Híbrido CS3 SAS Desarrollador FullStack Ingeniero de Soporte Infraestructura Junior Skill con baja relacion semantica frente al grafo curricular de la especializacion. No priorizar curricularmente por baja afinidad o evidencia debil.,SSIS,Enterprise Analytics,weak_signal,irrelevant,Enterprise Analytics,12.3,31,0.08,0,0,23,8,1.0,0.08,0.0884,0.4627,0,0.158,0.0,0.6632,0.4106
visual-analytics-big-data,Especialización en Visual Analytics y Big Data,pensamiento analitico Enterprise Analytics weak Analista Funcional de Procesos de Software Analista Funcional de Procesos de Software Híbrido CS3 SAS Skill con baja relacion semantica frente al grafo curricular de la especializacion. No priorizar curricularmente por baja afinidad o evidencia debil.,pensamiento analitico,Enterprise Analytics,weak_signal,irrelevant,Enterprise Analytics,8.8,32,0.08,0,0,14,18,1.0,0.08,0.0633,0.4776,0,0.158,0.0,0.6632,0.4106
visual-analytics-big-data,Especialización en Visual Analytics y Big Data,"executive reporting Reporting & KPI weak Analista de Proyectos Especialista IA Especialista IA Híbrido Venta Equipos SAS Skill laboral relevante para el ecosistema de Visual Analytics y Big Data, pero sin cobertura curricular directa. No priorizar curricularmente por baja afinidad o evidencia debil.",executive reporting,Reporting & KPI,weak_signal,irrelevant,Reporting & KPI,7.8,26,0.48,0,0,13,13,1.0,0.48,0.0561,0.3881,0,0.198,0.0,0.6792,0.4386
visual-analytics-big-data,Especialización en Visual Analytics y Big Data,"Copilot BI Reporting & KPI emerging Indra Colombia LTDA Líder IA Generativa-GitHub Copilot-Bogotá Skill laboral relevante para el ecosistema de Visual Analytics y Big Data, pero sin cobertura curricular directa. Analizar incorporacion de Copilot BI como skill emergente con señal emerging en Reporting & KPI.",Copilot BI,Reporting & KPI,partially_relevant,emerging,Reporting & KPI,7.3,21,0.48,0,0,13,8,1.0,0.48,0.0525,0.3134,1,0.818,0.48,0.9272,0.8726
visual-analytics-big-data,Especialización en Visual Analytics y Big Data,"RAG GenAI Analytics weak Indra Colombia LTDA Líder IA Generativa-GitHub Copilot-Bogotá Skill laboral relevante para el ecosistema de Visual Analytics y Big Data, pero sin cobertura curricular directa. No priorizar curricularmente por baja afinidad o evidencia debil.",RAG,GenAI Analytics,weak_signal,irrelevant,GenAI Analytics,7.2,20,0.55,0,0,13,7,1.0,0.55,0.0518,0.2985,0,0.205,0.0,0.682,0.4435
visual-analytics-big-data,Especialización en Visual Analytics y Big Data,"LLM GenAI Analytics weak Indra Colombia LTDA Líder IA Generativa-GitHub Copilot-Bogotá Skill laboral relevante para el ecosistema de Visual Analytics y Big Data, pero sin cobertura curricular directa. No priorizar curricularmente por baja afinidad o evidencia debil.",LLM,GenAI Analytics,weak_signal,irrelevant,GenAI Analytics,7.0,18,0.55,0,0,13,5,1.0,0.55,0.0503,0.2687,0,0.205,0.0,0.682,0.4435
visual-analytics-big-data,Especialización en Visual Analytics y Big Data,PL/SQL Enterprise Analytics weak Analista de Proyectos Skill relacionada semanticamente con competencias o herramientas curriculares. Profundizar PL/SQL como capacidad aplicada dentro del cluster Enterprise Analytics.,PL/SQL,Enterprise Analytics,partially_relevant,partial,Enterprise Analytics,3.7,21,0.81,0,0,4,17,0.49,0.81,0.0266,0.3134,1,0.551,0.62,0.5909,0.571
visual-analytics-big-data,Especialización en Visual Analytics y Big Data,visualizacion analitica BI & Visualization weak  Skill presente directamente en microcurriculos o perfil curricular. Mantener cobertura curricular y fortalecer evidencia evaluable si el mercado confirma frecuencia alta.,visualizacion analitica,BI & Visualization,weak_signal,covered,BI & Visualization,3.4,34,0.845,0,0,0,34,0.34,0.845,0.0244,0.5075,0,0.5145,1.0,0.5088,0.5116
visual-analytics-big-data,Especialización en Visual Analytics y Big Data,Tableau BI & Visualization weak  Skill presente directamente en microcurriculos o perfil curricular. Mantener cobertura curricular y fortalecer evidencia evaluable si el mercado confirma frecuencia alta.,Tableau,BI & Visualization,weak_signal,covered,BI & Visualization,3.2,32,0.82,0,0,0,32,0.32,0.82,0.023,0.4776,0,0.512,1.0,0.4988,0.5054
visual-analytics-big-data,Especialización en Visual Analytics y Big Data,"Google Cloud Analytics Cloud Analytics weak  Skill laboral relevante para el ecosistema de Visual Analytics y Big Data, pero sin cobertura curricular directa. No priorizar curricularmente por baja afinidad o evidencia debil.",Google Cloud Analytics,Cloud Analytics,weak_signal,irrelevant,Cloud Analytics,2.8,28,0.55,0,0,0,28,0.28,0.55,0.0201,0.4179,0,0.205,0.0,0.358,0.2815
visual-analytics-big-data,Especialización en Visual Analytics y Big Data,estadistica Enterprise Analytics weak  Skill presente directamente en microcurriculos o perfil curricular. Mantener cobertura curricular y fortalecer evidencia evaluable si el mercado confirma frecuencia alta.,estadistica,Enterprise Analytics,weak_signal,covered,Enterprise Analytics,2.0,20,0.82,0,0,0,20,0.2,0.82,0.0144,0.2985,0,0.512,1.0,0.4448,0.4784
visual-analytics-big-data,Especialización en Visual Analytics y Big Data,"Databricks Data Engineering emerging  Skill laboral relevante para el ecosistema de Visual Analytics y Big Data, pero sin cobertura curricular directa. Analizar incorporacion de Databricks como skill emergente con señal emerging en Data Engineering.",Databricks,Data Engineering,partially_relevant,emerging,Data Engineering,1.6,16,0.48,0,0,0,16,0.16,0.48,0.0115,0.2388,1,0.818,0.48,0.5492,0.6836
visual-analytics-big-data,Especialización en Visual Analytics y Big Data,"storytelling with data BI & Visualization weak  Skill laboral relevante para el ecosistema de Visual Analytics y Big Data, pero sin cobertura curricular directa. No priorizar curricularmente por baja afinidad o evidencia debil.",storytelling with data,BI & Visualization,weak_signal,irrelevant,BI & Visualization,1.5,15,0.48,0,0,0,15,0.15,0.48,0.0108,0.2239,0,0.198,0.0,0.2967,0.2474
visual-analytics-big-data,Especialización en Visual Analytics y Big Data,"Qlik BI & Visualization weak  Skill laboral relevante para el ecosistema de Visual Analytics y Big Data, pero sin cobertura curricular directa. No priorizar curricularmente por baja afinidad o evidencia debil.",Qlik,BI & Visualization,weak_signal,irrelevant,BI & Visualization,1.5,15,0.48,0,0,0,15,0.15,0.48,0.0108,0.2239,0,0.198,0.0,0.2967,0.2474
visual-analytics-big-data,Especialización en Visual Analytics y Big Data,MySQL Enterprise Analytics weak  Skill relacionada semanticamente con competencias o herramientas curriculares. Profundizar MySQL como capacidad aplicada dentro del cluster Enterprise Analytics.,MySQL,Enterprise Analytics,partially_relevant,partial,Enterprise Analytics,1.3,13,0.81,0,0,0,13,0.13,0.81,0.0093,0.194,1,0.551,0.62,0.4289,0.4899
visual-analytics-big-data,Especialización en Visual Analytics y Big Data,"data quality Data Governance weak  Skill laboral relevante para el ecosistema de Visual Analytics y Big Data, pero sin cobertura curricular directa. No priorizar curricularmente por baja afinidad o evidencia debil.",data quality,Data Governance,weak_signal,irrelevant,Data Governance,1.2,12,0.48,0,0,0,12,0.12,0.48,0.0086,0.1791,0,0.198,0.0,0.2832,0.2406
visual-analytics-big-data,Especialización en Visual Analytics y Big Data,"Azure Data Cloud Analytics weak  Skill laboral relevante para el ecosistema de Visual Analytics y Big Data, pero sin cobertura curricular directa. No priorizar curricularmente por baja afinidad o evidencia debil.",Azure Data,Cloud Analytics,weak_signal,irrelevant,Cloud Analytics,1.1,11,0.55,0,0,0,11,0.11,0.55,0.0079,0.1642,0,0.205,0.0,0.2815,0.2432
visual-analytics-big-data,Especialización en Visual Analytics y Big Data,Spark Data Engineering weak  Skill presente directamente en microcurriculos o perfil curricular. Mantener cobertura curricular y fortalecer evidencia evaluable si el mercado confirma frecuencia alta.,Spark,Data Engineering,weak_signal,covered,Data Engineering,1.0,10,0.82,0,0,0,10,0.1,0.82,0.0072,0.1493,0,0.512,1.0,0.3998,0.4559
visual-analytics-big-data,Especialización en Visual Analytics y Big Data,Hadoop Data Engineering weak  Skill presente directamente en microcurriculos o perfil curricular. Mantener cobertura curricular y fortalecer evidencia evaluable si el mercado confirma frecuencia alta.,Hadoop,Data Engineering,weak_signal,covered,Data Engineering,1.0,10,0.82,0,0,0,10,0.1,0.82,0.0072,0.1493,0,0.512,1.0,0.3998,0.4559
visual-analytics-big-data,Especialización en Visual Analytics y Big Data,NoSQL Enterprise Analytics weak  Skill relacionada semanticamente con competencias o herramientas curriculares. Profundizar NoSQL como capacidad aplicada dentro del cluster Enterprise Analytics.,NoSQL,Enterprise Analytics,partially_relevant,partial,Enterprise Analytics,0.8,8,0.81,0,0,0,8,0.08,0.81,0.0058,0.1194,1,0.551,0.62,0.4064,0.4787
visual-analytics-big-data,Especialización en Visual Analytics y Big Data,Kafka Enterprise Analytics weak  Skill con baja relacion semantica frente al grafo curricular de la especializacion. No priorizar curricularmente por baja afinidad o evidencia debil.,Kafka,Enterprise Analytics,weak_signal,irrelevant,Enterprise Analytics,0.7,7,0.08,0,0,0,7,0.07,0.08,0.005,0.1045,0,0.158,0.0,0.226,0.192
visual-analytics-big-data,Especialización en Visual Analytics y Big Data,lakehouse Data Engineering weak  Skill relacionada semanticamente con competencias o herramientas curriculares. Profundizar lakehouse como capacidad aplicada dentro del cluster Data Engineering.,lakehouse,Data Engineering,partially_relevant,partial,Data Engineering,0.6,6,0.7887,0,0,0,6,0.06,0.7887,0.0043,0.0896,1,0.5489,0.62,0.3591,0.454
visual-analytics-big-data,Especialización en Visual Analytics y Big Data,"Snowflake Data Engineering emerging  Skill laboral relevante para el ecosistema de Visual Analytics y Big Data, pero sin cobertura curricular directa. Analizar incorporacion de Snowflake como skill emergente con señal emerging en Data Engineering.",Snowflake,Data Engineering,partially_relevant,emerging,Data Engineering,0.6,6,0.48,0,0,0,6,0.06,0.48,0.0043,0.0896,1,0.818,0.48,0.4667,0.6423
visual-analytics-big-data,Especialización en Visual Analytics y Big Data,"OpenAI AI Analytics weak  Skill laboral relevante para el ecosistema de Visual Analytics y Big Data, pero sin cobertura curricular directa. No priorizar curricularmente por baja afinidad o evidencia debil.",OpenAI,AI Analytics,weak_signal,irrelevant,AI Analytics,0.6,6,0.48,0,0,0,6,0.06,0.48,0.0043,0.0896,0,0.198,0.0,0.2187,0.2084
visual-analytics-big-data,Especialización en Visual Analytics y Big Data,lineage Enterprise Analytics weak  Skill con baja relacion semantica frente al grafo curricular de la especializacion. No priorizar curricularmente por baja afinidad o evidencia debil.,lineage,Enterprise Analytics,weak_signal,irrelevant,Enterprise Analytics,0.5,5,0.08,0,0,0,5,0.05,0.08,0.0036,0.0746,0,0.158,0.0,0.1794,0.1687
visual-analytics-big-data,Especialización en Visual Analytics y Big Data,"AWS Analytics Cloud Analytics weak  Skill laboral relevante para el ecosistema de Visual Analytics y Big Data, pero sin cobertura curricular directa. No priorizar curricularmente por baja afinidad o evidencia debil.",AWS Analytics,Cloud Analytics,weak_signal,irrelevant,Cloud Analytics,0.3,3,0.55,0,0,0,3,0.03,0.55,0.0022,0.0448,0,0.205,0.0,0.1517,0.1784
visual-analytics-big-data,Especialización en Visual Analytics y Big Data,numpy Enterprise Analytics weak  Skill con baja relacion semantica frente al grafo curricular de la especializacion. No priorizar curricularmente por baja afinidad o evidencia debil.,numpy,Enterprise Analytics,weak_signal,irrelevant,Enterprise Analytics,0.3,3,0.08,0,0,0,3,0.03,0.08,0.0022,0.0448,0,0.158,0.0,0.133,0.1455
visual-analytics-big-data,Especialización en Visual Analytics y Big Data,predictive analytics Enterprise Analytics weak  Skill con baja relacion semantica frente al grafo curricular de la especializacion. No priorizar curricularmente por baja afinidad o evidencia debil.,predictive analytics,Enterprise Analytics,weak_signal,irrelevant,Enterprise Analytics,0.2,2,0.08,0,0,0,2,0.02,0.08,0.0014,0.0299,0,0.158,0.0,0.1097,0.1338
visual-analytics-big-data,Especialización en Visual Analytics y Big Data,dbt Enterprise Analytics weak  Skill con baja relacion semantica frente al grafo curricular de la especializacion. No priorizar curricularmente por baja afinidad o evidencia debil.,dbt,Enterprise Analytics,weak_signal,irrelevant,Enterprise Analytics,0.1,1,0.08,0,0,0,1,0.01,0.08,0.0007,0.0149,0,0.158,0.0,0.0865,0.1222
